Peptide,Region,Isoform,Start Position in 2N4R,End Position in 2N4R,Region String,Region ID
AEEAGIGDTPSLEDEAAGHVTQAR,AEEAGIGDTPSLEDEAAGHVTQAR,0N,103,126,0N@103-126,0N@103-126_AEEAGIGDTPSLEDEAAGHVTQAR
AKTDHGAEIVYK,AKTDHGAEIVYK,2N4R,384,395,2N4R@384-395,2N4R@384-395_AKTDHGAEIVYK
CGSLGNIHHKPGGGQVEVK,CGSLGNIHHKPGGGQVEVK,2N4R,322,340,2N4R@322-340,2N4R@322-340_CGSLGNIHHKPGGGQVEVK
DQGGYTMHQDQEGDTDAGLK,KDQGGYTMHQDQEGDTDAGLK,2N4R,24,44,2N4R@24-44,2N4R@24-44_KDQGGYTMHQDQEGDTDAGLK
ESPLQTPTEDGSEEPGSETSDAK,ESPLQTPTEDGSEEPGSETSDAK,2N4R,45,67,2N4R@45-67,2N4R@45-67_ESPLQTPTEDGSEEPGSETSDAK
GAAPPGQK,GAAPPGQK,2N4R,156,163,2N4R@156-163,2N4R@156-163_GAAPPGQK
HLSNVSSTGSIDMVDSPQLATLADEVSASLAK,HLSNVSSTGSIDMVDSPQLATLADEVSASLAK,2N4R,407,438,2N4R@407-438,2N4R@407-438_HLSNVSSTGSIDMVDSPQLATLADEVSASLAK
HVPGGGSVQIVYKPVDLSK,HVPGGGSVQIVYKPVDLSK,4R,299,317,4R@299-317,4R@299-317_HVPGGGSVQIVYKPVDLSK
IGSLDNITHVPGGGNK,IGSLDNITHVPGGGNKK,2N4R,354,370,2N4R@354-370,2N4R@354-370_IGSLDNITHVPGGGNKK
IGSLDNITHVPGGGNKK,IGSLDNITHVPGGGNKK,2N4R,354,370,2N4R@354-370,2N4R@354-370_IGSLDNITHVPGGGNKK
IGSTENLK,IGSTENLK,2N4R,260,267,2N4R@260-267,2N4R@260-267_IGSTENLK
KDQGGYTMHQDQEGDTDAGLK,KDQGGYTMHQDQEGDTDAGLK,2N4R,24,44,2N4R@24-44,2N4R@24-44_KDQGGYTMHQDQEGDTDAGLK
KLDLSNVQSK,KLDLSNVQSK,4R,281,290,4R@281-290,4R@281-290_KLDLSNVQSK
LDLSNVQSK,KLDLSNVQSK,4R,281,290,4R@281-290,4R@281-290_KLDLSNVQSK
LQTAPVPMPDLK,LQTAPVPMPDLK,2N4R,243,254,2N4R@243-254,2N4R@243-254_LQTAPVPMPDLK
QAAAQPHTEIPEGTTAEEAGIGDTPSLEDEAAGHVTQAR,QAAAQPHTEIPEGTTAEEAGIGDTPSLEDEAAGHVTQAR,2N4R,88,126,2N4R@88-126,2N4R@88-126_QAAAQPHTEIPEGTTAEEAGIGDTPSLEDEAAGHVTQAR
QEFEVMEDHAGTYGLGDR,QEFEVMEDHAGTYGLGDRK,2N4R,6,24,2N4R@6-24,2N4R@6-24_QEFEVMEDHAGTYGLGDRK
QEFEVMEDHAGTYGLGDRK,QEFEVMEDHAGTYGLGDRK,2N4R,6,24,2N4R@6-24,2N4R@6-24_QEFEVMEDHAGTYGLGDRK
SEKLDFK,SEKLDFK,2N4R,341,347,2N4R@341-347,2N4R@341-347_SEKLDFK
SGYSSPGSPGTPGSR,SGYSSPGSPGTPGSR,2N4R,195,209,2N4R@195-209,2N4R@195-209_SGYSSPGSPGTPGSR
SPVVSGDTSPR,SPVVSGDTSPR,2N4R,396,406,2N4R@396-406,2N4R@396-406_SPVVSGDTSPR
SRTPSLPTPPTR,SRTPSLPTPPTREPK,2N4R,210,224,2N4R@210-224,2N4R@210-224_SRTPSLPTPPTREPK
SRTPSLPTPPTREPK,SRTPSLPTPPTREPK,2N4R,210,224,2N4R@210-224,2N4R@210-224_SRTPSLPTPPTREPK
STPTAEAEEAGIGDTPSLEDEAAGHVTQAR,STPTAEAEEAGIGDTPSLEDEAAGHVTQAR,1N,86,126,1N@86-126,1N@86-126_STPTAEAEEAGIGDTPSLEDEAAGHVTQAR
STPTAEDVTAPLVDEGAPGK,STPTAEDVTAPLVDEGAPGK,2N,68,87,2N@68-87,2N@68-87_STPTAEDVTAPLVDEGAPGK
TDHGAEIVYK,AKTDHGAEIVYK,2N4R,384,395,2N4R@384-395,2N4R@384-395_AKTDHGAEIVYK
TPPAPK,TPPAPK,2N4R,175,180,2N4R@175-180,2N4R@175-180_TPPAPK
TPPSSGEPPK,TPPSSGEPPK,2N4R,181,190,2N4R@181-190,2N4R@181-190_TPPSSGEPPK
TPSLPTPPTR,SRTPSLPTPPTREPK,2N4R,212,224,2N4R@212-224,2N4R@212-224_SRTPSLPTPPTREPK
TPSLPTPPTREPK,SRTPSLPTPPTREPK,2N4R,212,224,2N4R@212-224,2N4R@212-224_SRTPSLPTPPTREPK
VQIINK,VQIINKK,2N4R,275,281,2N4R@275-281,2N4R@275-281_VQIINKK
VQIINKK,VQIINKK,2N4R,275,281,2N4R@275-281,2N4R@275-281_VQIINKK
VQIVYK,VQIVYK,2N4R,306,311,2N4R@306-311,2N4R@306-311_VQIVYK
VQIVYKPVDLSK,VQIVYKPVDLSK,3R,306,317,3R@306-317,3R@306-317_VQIVYKPVDLSK
