Original,type,site,isoform,New,start,end
Iso-0N(X)@0_0N,Iso-0N,X0,0N,Iso-0N@0_0N,0,0
Iso-1N(X)@0_1N,Iso-1N,X0,1N,Iso-1N@0_1N,0,0
Iso-2N4R(X)@0_2N4R,Iso-2N4R,X0,2N4R,Iso-2N4R@0_2N4R,0,0
Iso-3R(X)@0_3R,Iso-3R,X0,3R,Iso-3R@0_3R,0,0
Non-tryptic(A)@2_2N4R,Non-tryptic,A2,2N4R,Non-tryptic@2-4,2,4
Non-tryptic(E)@3_2N4R,Non-tryptic,E3,2N4R,Non-tryptic@2-4,2,4
Non-tryptic(P)@4_2N4R,Non-tryptic,P4,2N4R,Non-tryptic@2-4,2,4
Non-tryptic(E)@7_2N4R,Non-tryptic,E7,2N4R,Non-tryptic@7-13,7,13
Non-tryptic(F)@8_2N4R,Non-tryptic,F8,2N4R,Non-tryptic@7-13,7,13
Non-tryptic(E)@9_2N4R,Non-tryptic,E9,2N4R,Non-tryptic@7-13,7,13
Non-tryptic(V)@10_2N4R,Non-tryptic,V10,2N4R,Non-tryptic@7-13,7,13
Non-tryptic(M)@11_2N4R,Non-tryptic,M11,2N4R,Non-tryptic@7-13,7,13
Non-tryptic(E)@12_2N4R,Non-tryptic,E12,2N4R,Non-tryptic@7-13,7,13
Non-tryptic(D)@13_2N4R,Non-tryptic,D13,2N4R,Non-tryptic@7-13,7,13
Non-tryptic(A)@15_2N4R,Non-tryptic,A15,2N4R,Non-tryptic@15,15,15
Non-tryptic(G)@19_2N4R,Non-tryptic,G19,2N4R,Non-tryptic@19,19,19
Non-tryptic(R)@23_2N4R,Non-tryptic,R23,2N4R,Non-tryptic@23,23,23
Non-tryptic(Q)@26_2N4R,Non-tryptic,Q26,2N4R,Non-tryptic@26-32,26,32
Non-tryptic(G)@27_2N4R,Non-tryptic,G27,2N4R,Non-tryptic@26-32,26,32
Non-tryptic(G)@28_2N4R,Non-tryptic,G28,2N4R,Non-tryptic@26-32,26,32
Non-tryptic(Y)@29_2N4R,Non-tryptic,Y29,2N4R,Non-tryptic@26-32,26,32
Non-tryptic(T)@30_2N4R,Non-tryptic,T30,2N4R,Non-tryptic@26-32,26,32
Non-tryptic(M)@31_2N4R,Non-tryptic,M31,2N4R,Non-tryptic@26-32,26,32
Non-tryptic(H)@32_2N4R,Non-tryptic,H32,2N4R,Non-tryptic@26-32,26,32
Non-tryptic(Q)@33_0N,Non-tryptic,Q33,0N,Non-tryptic@33-34,33,34
Non-tryptic(D)@34_0N,Non-tryptic,D34,0N,Non-tryptic@33-34,33,34
Non-tryptic(G)@37_2N4R,Non-tryptic,G37,2N4R,Non-tryptic@37,37,37
Non-tryptic(T)@39_2N4R,Non-tryptic,T39,2N4R,Non-tryptic@39,39,39
Non-tryptic(T)@50_2N4R,Non-tryptic,T50,2N4R,Non-tryptic@50-51,50,51
Non-tryptic(P)@51_1N,Non-tryptic,P51,1N,Non-tryptic@50,50,50
Non-tryptic(P)@51_2N4R,Non-tryptic,P51,2N4R,Non-tryptic@50-51,50,51
Non-tryptic(E)@53_1N,Non-tryptic,E53,1N,Non-tryptic@53,53,53
Non-tryptic(P)@70_1N,Non-tryptic,P70,1N,Non-tryptic@70-73,70,73
Non-tryptic(P)@70_2N4R,Non-tryptic,P70,2N4R,Non-tryptic@70-71,70,71
Non-tryptic(T)@71_1N,Non-tryptic,T71,1N,Non-tryptic@70-73,70,73
Non-tryptic(T)@71_2N4R,Non-tryptic,T71,2N4R,Non-tryptic@70-71,70,71
Non-tryptic(A)@72_1N,Non-tryptic,A72,1N,Non-tryptic@70-73,70,73
Non-tryptic(E)@73_1N,Non-tryptic,E73,1N,Non-tryptic@70-73,70,73
Non-tryptic(P)@78_2N4R,Non-tryptic,P78,2N4R,Non-tryptic@78,78,78
Non-tryptic(A)@89_2N4R,Non-tryptic,A89,2N4R,Non-tryptic@89,89,89
Non-tryptic(E)@96_2N4R,Non-tryptic,E96,2N4R,Non-tryptic@96-97,96,97
Non-tryptic(I)@97_2N4R,Non-tryptic,I97,2N4R,Non-tryptic@96-97,96,97
Non-tryptic(T)@101_2N4R,Non-tryptic,T101,2N4R,Non-tryptic@101,101,101
Non-tryptic(A)@103_2N4R,Non-tryptic,A103,2N4R,Non-tryptic@103-115,103,115
Non-tryptic(E)@104_2N4R,Non-tryptic,E104,2N4R,Non-tryptic@103-115,103,115
Non-tryptic(E)@105_2N4R,Non-tryptic,E105,2N4R,Non-tryptic@103-115,103,115
Non-tryptic(A)@106_2N4R,Non-tryptic,A106,2N4R,Non-tryptic@103-115,103,115
Non-tryptic(G)@107_2N4R,Non-tryptic,G107,2N4R,Non-tryptic@103-115,103,115
Non-tryptic(I)@108_2N4R,Non-tryptic,I108,2N4R,Non-tryptic@103-115,103,115
Non-tryptic(G)@109_2N4R,Non-tryptic,G109,2N4R,Non-tryptic@103-115,103,115
Non-tryptic(D)@110_2N4R,Non-tryptic,D110,2N4R,Non-tryptic@103-115,103,115
Non-tryptic(T)@111_2N4R,Non-tryptic,T111,2N4R,Non-tryptic@103-115,103,115
Non-tryptic(P)@112_2N4R,Non-tryptic,P112,2N4R,Non-tryptic@103-115,103,115
Non-tryptic(S)@113_2N4R,Non-tryptic,S113,2N4R,Non-tryptic@103-115,103,115
Non-tryptic(L)@114_2N4R,Non-tryptic,L114,2N4R,Non-tryptic@103-115,103,115
Non-tryptic(E)@115_2N4R,Non-tryptic,E115,2N4R,Non-tryptic@103-115,103,115
Non-tryptic(V)@122_1N,Non-tryptic,V122,1N,Non-tryptic@122,122,122
Non-tryptic(V)@122_2N4R,Non-tryptic,V122,2N4R,Non-tryptic@122,122,122
Non-tryptic(Q)@124_1N,Non-tryptic,Q124,1N,Non-tryptic@124-125,124,125
Non-tryptic(A)@125_1N,Non-tryptic,A125,1N,Non-tryptic@124-125,124,125
Non-tryptic(A)@125_2N4R,Non-tryptic,A125,2N4R,Non-tryptic@125,125,125
Non-tryptic(A)@157_2N4R,Non-tryptic,A157,2N4R,Non-tryptic@157,157,157
Non-tryptic(A)@166_2N4R,Non-tryptic,A166,2N4R,Non-tryptic@166,166,166
Non-tryptic(P)@172_2N4R,Non-tryptic,P172,2N4R,Non-tryptic@172,172,172
Non-tryptic(P)@176_2N4R,Non-tryptic,P176,2N4R,Non-tryptic@176-180,176,180
Non-tryptic(P)@177_2N4R,Non-tryptic,P177,2N4R,Non-tryptic@176-180,176,180
Non-tryptic(A)@178_2N4R,Non-tryptic,A178,2N4R,Non-tryptic@176-180,176,180
Non-tryptic(P)@179_2N4R,Non-tryptic,P179,2N4R,Non-tryptic@176-180,176,180
Non-tryptic(K)@180_2N4R,Non-tryptic,K180,2N4R,Non-tryptic@176-180,176,180
Non-tryptic(P)@182_2N4R,Non-tryptic,P182,2N4R,Non-tryptic@182-183,182,183
Non-tryptic(P)@183_2N4R,Non-tryptic,P183,2N4R,Non-tryptic@182-183,182,183
Non-tryptic(K)@190_2N4R,Non-tryptic,K190,2N4R,Non-tryptic@190,190,190
Non-tryptic(G)@196_2N4R,Non-tryptic,G196,2N4R,Non-tryptic@196-198,196,198
Non-tryptic(Y)@197_2N4R,Non-tryptic,Y197,2N4R,Non-tryptic@196-198,196,198
Non-tryptic(S)@198_2N4R,Non-tryptic,S198,2N4R,Non-tryptic@196-198,196,198
Non-tryptic(P)@200_2N4R,Non-tryptic,P200,2N4R,Non-tryptic@200,200,200
Non-tryptic(S)@214_2N4R,Non-tryptic,S214,2N4R,Non-tryptic@214,214,214
Non-tryptic(A)@227_2N4R,Non-tryptic,A227,2N4R,Non-tryptic@227-229,227,229
Non-tryptic(V)@228_2N4R,Non-tryptic,V228,2N4R,Non-tryptic@227-229,227,229
Non-tryptic(V)@229_2N4R,Non-tryptic,V229,2N4R,Non-tryptic@227-229,227,229
Non-tryptic(P)@232_2N4R,Non-tryptic,P232,2N4R,Non-tryptic@232,232,232
Non-tryptic(S)@238_2N4R,Non-tryptic,S238,2N4R,Non-tryptic@238,238,238
Non-tryptic(K)@240_2N4R,Non-tryptic,K240,2N4R,Non-tryptic@240,240,240
Non-tryptic(R)@242_2N4R,Non-tryptic,R242,2N4R,Non-tryptic@242,242,242
Non-tryptic(Q)@244_2N4R,Non-tryptic,Q244,2N4R,Non-tryptic@244-247,244,247
Non-tryptic(T)@245_2N4R,Non-tryptic,T245,2N4R,Non-tryptic@244-247,244,247
Non-tryptic(A)@246_2N4R,Non-tryptic,A246,2N4R,Non-tryptic@244-247,244,247
Non-tryptic(P)@247_2N4R,Non-tryptic,P247,2N4R,Non-tryptic@244-247,244,247
Non-tryptic(P)@249_2N4R,Non-tryptic,P249,2N4R,Non-tryptic@249,249,249
Non-tryptic(V)@256_2N4R,Non-tryptic,V256,2N4R,Non-tryptic@256,256,256
Non-tryptic(G)@261_2N4R,Non-tryptic,G261,2N4R,Non-tryptic@261-262,261,262
Non-tryptic(S)@262_2N4R,Non-tryptic,S262,2N4R,Non-tryptic@261-262,261,262
Non-tryptic(E)@264_2N4R,Non-tryptic,E264,2N4R,Non-tryptic@264,264,264
Non-tryptic(L)@266_2N4R,Non-tryptic,L266,2N4R,Non-tryptic@266,266,266
Non-tryptic(L)@266_3R,Non-tryptic,L266,3R,Non-tryptic@266-267,266,267
Non-tryptic(K)@267_3R,Non-tryptic,K267,3R,Non-tryptic@266-267,266,267
Non-tryptic(Q)@269_2N4R,Non-tryptic,Q269,2N4R,Non-tryptic@269,269,269
Non-tryptic(Q)@269_3R,Non-tryptic,Q269,3R,Non-tryptic@269-274,269,274
Non-tryptic(P)@270_3R,Non-tryptic,P270,3R,Non-tryptic@269-274,269,274
Non-tryptic(G)@271_3R,Non-tryptic,G271,3R,Non-tryptic@269-274,269,274
Non-tryptic(G)@272_2N4R,Non-tryptic,G272,2N4R,Non-tryptic@272,272,272
Non-tryptic(G)@272_3R,Non-tryptic,G272,3R,Non-tryptic@269-274,269,274
Non-tryptic(G)@273_3R,Non-tryptic,G273,3R,Non-tryptic@269-274,269,274
Non-tryptic(K)@274_3R,Non-tryptic,K274,3R,Non-tryptic@269-274,269,274
Non-tryptic(N)@279_2N4R,Non-tryptic,N279,2N4R,Non-tryptic@279-280,279,280
Non-tryptic(K)@280_2N4R,Non-tryptic,K280,2N4R,Non-tryptic@279-280,279,280
Non-tryptic(D)@283_2N4R,Non-tryptic,D283,2N4R,Non-tryptic@283,283,283
Non-tryptic(S)@289_2N4R,Non-tryptic,S289,2N4R,Non-tryptic@289,289,289
Non-tryptic(S)@293_2N4R,Non-tryptic,S293,2N4R,Non-tryptic@293-294,293,294
Non-tryptic(K)@294_2N4R,Non-tryptic,K294,2N4R,Non-tryptic@293-294,293,294
Non-tryptic(N)@296_2N4R,Non-tryptic,N296,2N4R,Non-tryptic@296-298,296,298
Non-tryptic(I)@297_2N4R,Non-tryptic,I297,2N4R,Non-tryptic@296-298,296,298
Non-tryptic(K)@298_2N4R,Non-tryptic,K298,2N4R,Non-tryptic@296-298,296,298
Non-tryptic(V)@300_2N4R,Non-tryptic,V300,2N4R,Non-tryptic@300-312,300,312
Non-tryptic(P)@301_2N4R,Non-tryptic,P301,2N4R,Non-tryptic@300-312,300,312
Non-tryptic(G)@302_2N4R,Non-tryptic,G302,2N4R,Non-tryptic@300-312,300,312
Non-tryptic(G)@303_2N4R,Non-tryptic,G303,2N4R,Non-tryptic@300-312,300,312
Non-tryptic(G)@304_2N4R,Non-tryptic,G304,2N4R,Non-tryptic@300-312,300,312
Non-tryptic(S)@305_2N4R,Non-tryptic,S305,2N4R,Non-tryptic@300-312,300,312
Non-tryptic(V)@306_2N4R,Non-tryptic,V306,2N4R,Non-tryptic@300-312,300,312
Non-tryptic(Q)@307_2N4R,Non-tryptic,Q307,2N4R,Non-tryptic@300-312,300,312
Non-tryptic(I)@308_2N4R,Non-tryptic,I308,2N4R,Non-tryptic@300-312,300,312
Non-tryptic(V)@309_2N4R,Non-tryptic,V309,2N4R,Non-tryptic@300-312,300,312
Non-tryptic(Y)@310_2N4R,Non-tryptic,Y310,2N4R,Non-tryptic@300-312,300,312
Non-tryptic(K)@311_2N4R,Non-tryptic,K311,2N4R,Non-tryptic@300-312,300,312
Non-tryptic(P)@312_2N4R,Non-tryptic,P312,2N4R,Non-tryptic@300-312,300,312
Non-tryptic(L)@315_2N4R,Non-tryptic,L315,2N4R,Non-tryptic@315-317,315,317
Non-tryptic(S)@316_2N4R,Non-tryptic,S316,2N4R,Non-tryptic@315-317,315,317
Non-tryptic(K)@317_2N4R,Non-tryptic,K317,2N4R,Non-tryptic@315-317,315,317
Non-tryptic(T)@319_2N4R,Non-tryptic,T319,2N4R,Non-tryptic@319-321,319,321
Non-tryptic(S)@320_2N4R,Non-tryptic,S320,2N4R,Non-tryptic@319-321,319,321
Non-tryptic(K)@321_2N4R,Non-tryptic,K321,2N4R,Non-tryptic@319-321,319,321
Non-tryptic(G)@323_2N4R,Non-tryptic,G323,2N4R,Non-tryptic@323-332,323,332
Non-tryptic(S)@324_2N4R,Non-tryptic,S324,2N4R,Non-tryptic@323-332,323,332
Non-tryptic(L)@325_2N4R,Non-tryptic,L325,2N4R,Non-tryptic@323-332,323,332
Non-tryptic(G)@326_2N4R,Non-tryptic,G326,2N4R,Non-tryptic@323-332,323,332
Non-tryptic(N)@327_2N4R,Non-tryptic,N327,2N4R,Non-tryptic@323-332,323,332
Non-tryptic(I)@328_2N4R,Non-tryptic,I328,2N4R,Non-tryptic@323-332,323,332
Non-tryptic(H)@329_2N4R,Non-tryptic,H329,2N4R,Non-tryptic@323-332,323,332
Non-tryptic(H)@330_2N4R,Non-tryptic,H330,2N4R,Non-tryptic@323-332,323,332
Non-tryptic(K)@331_2N4R,Non-tryptic,K331,2N4R,Non-tryptic@323-332,323,332
Non-tryptic(P)@332_2N4R,Non-tryptic,P332,2N4R,Non-tryptic@323-332,323,332
Non-tryptic(G)@334_2N4R,Non-tryptic,G334,2N4R,Non-tryptic@334-340,334,340
Non-tryptic(G)@335_2N4R,Non-tryptic,G335,2N4R,Non-tryptic@334-340,334,340
Non-tryptic(Q)@336_2N4R,Non-tryptic,Q336,2N4R,Non-tryptic@334-340,334,340
Non-tryptic(V)@337_2N4R,Non-tryptic,V337,2N4R,Non-tryptic@334-340,334,340
Non-tryptic(E)@338_2N4R,Non-tryptic,E338,2N4R,Non-tryptic@334-340,334,340
Non-tryptic(V)@339_2N4R,Non-tryptic,V339,2N4R,Non-tryptic@334-340,334,340
Non-tryptic(K)@340_2N4R,Non-tryptic,K340,2N4R,Non-tryptic@334-340,334,340
Non-tryptic(E)@342_2N4R,Non-tryptic,E342,2N4R,Non-tryptic@342-343,342,343
Non-tryptic(K)@343_2N4R,Non-tryptic,K343,2N4R,Non-tryptic@342-343,342,343
Non-tryptic(D)@345_2N4R,Non-tryptic,D345,2N4R,Non-tryptic@345-346,345,346
Non-tryptic(F)@346_2N4R,Non-tryptic,F346,2N4R,Non-tryptic@345-346,345,346
Non-tryptic(R)@349_2N4R,Non-tryptic,R349,2N4R,Non-tryptic@349,349,349
Non-tryptic(S)@352_2N4R,Non-tryptic,S352,2N4R,Non-tryptic@352-353,352,353
Non-tryptic(K)@353_2N4R,Non-tryptic,K353,2N4R,Non-tryptic@352-353,352,353
Non-tryptic(G)@355_2N4R,Non-tryptic,G355,2N4R,Non-tryptic@355-361,355,361
Non-tryptic(S)@356_2N4R,Non-tryptic,S356,2N4R,Non-tryptic@355-361,355,361
Non-tryptic(L)@357_2N4R,Non-tryptic,L357,2N4R,Non-tryptic@355-361,355,361
Non-tryptic(D)@358_2N4R,Non-tryptic,D358,2N4R,Non-tryptic@355-361,355,361
Non-tryptic(N)@359_2N4R,Non-tryptic,N359,2N4R,Non-tryptic@355-361,355,361
Non-tryptic(I)@360_2N4R,Non-tryptic,I360,2N4R,Non-tryptic@355-361,355,361
Non-tryptic(T)@361_2N4R,Non-tryptic,T361,2N4R,Non-tryptic@355-361,355,361
Non-tryptic(P)@364_2N4R,Non-tryptic,P364,2N4R,Non-tryptic@364,364,364
Non-tryptic(G)@367_2N4R,Non-tryptic,G367,2N4R,Non-tryptic@367-369,367,369
Non-tryptic(N)@368_2N4R,Non-tryptic,N368,2N4R,Non-tryptic@367-369,367,369
Non-tryptic(K)@369_2N4R,Non-tryptic,K369,2N4R,Non-tryptic@367-369,367,369
Non-tryptic(E)@372_2N4R,Non-tryptic,E372,2N4R,Non-tryptic@372-373,372,373
Non-tryptic(T)@373_2N4R,Non-tryptic,T373,2N4R,Non-tryptic@372-373,372,373
Non-tryptic(A)@382_2N4R,Non-tryptic,A382,2N4R,Non-tryptic@382,382,382
Non-tryptic(K)@385_2N4R,Non-tryptic,K385,2N4R,Non-tryptic@385,385,385
Non-tryptic(D)@387_2N4R,Non-tryptic,D387,2N4R,Non-tryptic@387-391,387,391
Non-tryptic(H)@388_2N4R,Non-tryptic,H388,2N4R,Non-tryptic@387-391,387,391
Non-tryptic(G)@389_2N4R,Non-tryptic,G389,2N4R,Non-tryptic@387-391,387,391
Non-tryptic(A)@390_2N4R,Non-tryptic,A390,2N4R,Non-tryptic@387-391,387,391
Non-tryptic(E)@391_2N4R,Non-tryptic,E391,2N4R,Non-tryptic@387-391,387,391
Non-tryptic(V)@393_2N4R,Non-tryptic,V393,2N4R,Non-tryptic@393-395,393,395
Non-tryptic(Y)@394_2N4R,Non-tryptic,Y394,2N4R,Non-tryptic@393-395,393,395
Non-tryptic(K)@395_2N4R,Non-tryptic,K395,2N4R,Non-tryptic@393-395,393,395
Non-tryptic(P)@397_2N4R,Non-tryptic,P397,2N4R,Non-tryptic@397-406,397,406
Non-tryptic(V)@398_2N4R,Non-tryptic,V398,2N4R,Non-tryptic@397-406,397,406
Non-tryptic(V)@399_2N4R,Non-tryptic,V399,2N4R,Non-tryptic@397-406,397,406
Non-tryptic(S)@400_2N4R,Non-tryptic,S400,2N4R,Non-tryptic@397-406,397,406
Non-tryptic(G)@401_2N4R,Non-tryptic,G401,2N4R,Non-tryptic@397-406,397,406
Non-tryptic(D)@402_2N4R,Non-tryptic,D402,2N4R,Non-tryptic@397-406,397,406
Non-tryptic(T)@403_2N4R,Non-tryptic,T403,2N4R,Non-tryptic@397-406,397,406
Non-tryptic(S)@404_2N4R,Non-tryptic,S404,2N4R,Non-tryptic@397-406,397,406
Non-tryptic(P)@405_2N4R,Non-tryptic,P405,2N4R,Non-tryptic@397-406,397,406
Non-tryptic(R)@406_2N4R,Non-tryptic,R406,2N4R,Non-tryptic@397-406,397,406
Non-tryptic(L)@408_2N4R,Non-tryptic,L408,2N4R,Non-tryptic@408-409,408,409
Non-tryptic(S)@409_2N4R,Non-tryptic,S409,2N4R,Non-tryptic@408-409,408,409
Non-tryptic(V)@411_2N4R,Non-tryptic,V411,2N4R,Non-tryptic@411,411,411
Non-tryptic(V)@420_2N4R,Non-tryptic,V420,2N4R,Non-tryptic@420,420,420
Non-tryptic(S)@422_2N4R,Non-tryptic,S422,2N4R,Non-tryptic@422,422,422
Non-tryptic(Q)@424_2N4R,Non-tryptic,Q424,2N4R,Non-tryptic@424-429,424,429
Non-tryptic(L)@425_2N4R,Non-tryptic,L425,2N4R,Non-tryptic@424-429,424,429
Non-tryptic(A)@426_2N4R,Non-tryptic,A426,2N4R,Non-tryptic@424-429,424,429
Non-tryptic(T)@427_2N4R,Non-tryptic,T427,2N4R,Non-tryptic@424-429,424,429
Non-tryptic(L)@428_2N4R,Non-tryptic,L428,2N4R,Non-tryptic@424-429,424,429
Non-tryptic(A)@429_2N4R,Non-tryptic,A429,2N4R,Non-tryptic@424-429,424,429
Non-tryptic(V)@432_2N4R,Non-tryptic,V432,2N4R,Non-tryptic@432,432,432
Non-tryptic(A)@434_2N4R,Non-tryptic,A434,2N4R,Non-tryptic@434,434,434
Non-tryptic(G)@440_2N4R,Non-tryptic,G440,2N4R,Non-tryptic@440,440,440
