SiteTerm,isoform,TermAgnostic
N-term(M)@1,2N4R,Non-tryptic(M)@1
C-term(M)@1,2N4R,Non-tryptic(A)@2
N-term(A)@2,2N4R,Non-tryptic(A)@2
C-term(A)@2,2N4R,Non-tryptic(E)@3
N-term(E)@3,2N4R,Non-tryptic(E)@3
C-term(E)@3,2N4R,Non-tryptic(P)@4
N-term(P)@4,2N4R,Non-tryptic(P)@4
C-term(P)@4,2N4R,Non-tryptic(R)@5
N-term(R)@5,2N4R,Non-tryptic(R)@5
C-term(R)@5,2N4R,Non-tryptic(Q)@6
N-term(Q)@6,2N4R,Non-tryptic(Q)@6
C-term(Q)@6,2N4R,Non-tryptic(E)@7
N-term(E)@7,2N4R,Non-tryptic(E)@7
C-term(E)@7,2N4R,Non-tryptic(F)@8
N-term(F)@8,2N4R,Non-tryptic(F)@8
C-term(F)@8,2N4R,Non-tryptic(E)@9
N-term(E)@9,2N4R,Non-tryptic(E)@9
C-term(E)@9,2N4R,Non-tryptic(V)@10
N-term(V)@10,2N4R,Non-tryptic(V)@10
C-term(V)@10,2N4R,Non-tryptic(M)@11
N-term(M)@11,2N4R,Non-tryptic(M)@11
C-term(M)@11,2N4R,Non-tryptic(E)@12
N-term(E)@12,2N4R,Non-tryptic(E)@12
C-term(E)@12,2N4R,Non-tryptic(D)@13
N-term(D)@13,2N4R,Non-tryptic(D)@13
C-term(D)@13,2N4R,Non-tryptic(H)@14
N-term(H)@14,2N4R,Non-tryptic(H)@14
C-term(H)@14,2N4R,Non-tryptic(A)@15
N-term(A)@15,2N4R,Non-tryptic(A)@15
C-term(A)@15,2N4R,Non-tryptic(G)@16
N-term(G)@16,2N4R,Non-tryptic(G)@16
C-term(G)@16,2N4R,Non-tryptic(T)@17
N-term(T)@17,2N4R,Non-tryptic(T)@17
C-term(T)@17,2N4R,Non-tryptic(Y)@18
N-term(Y)@18,2N4R,Non-tryptic(Y)@18
C-term(Y)@18,2N4R,Non-tryptic(G)@19
N-term(G)@19,2N4R,Non-tryptic(G)@19
C-term(G)@19,2N4R,Non-tryptic(L)@20
N-term(L)@20,2N4R,Non-tryptic(L)@20
C-term(L)@20,2N4R,Non-tryptic(G)@21
N-term(G)@21,2N4R,Non-tryptic(G)@21
C-term(G)@21,2N4R,Non-tryptic(D)@22
N-term(D)@22,2N4R,Non-tryptic(D)@22
C-term(D)@22,2N4R,Non-tryptic(R)@23
N-term(R)@23,2N4R,Non-tryptic(R)@23
C-term(R)@23,2N4R,Non-tryptic(K)@24
N-term(K)@24,2N4R,Non-tryptic(K)@24
C-term(K)@24,2N4R,Non-tryptic(D)@25
N-term(D)@25,2N4R,Non-tryptic(D)@25
C-term(D)@25,2N4R,Non-tryptic(Q)@26
N-term(Q)@26,2N4R,Non-tryptic(Q)@26
C-term(Q)@26,2N4R,Non-tryptic(G)@27
N-term(G)@27,2N4R,Non-tryptic(G)@27
C-term(G)@27,2N4R,Non-tryptic(G)@28
N-term(G)@28,2N4R,Non-tryptic(G)@28
C-term(G)@28,2N4R,Non-tryptic(Y)@29
N-term(Y)@29,2N4R,Non-tryptic(Y)@29
C-term(Y)@29,2N4R,Non-tryptic(T)@30
N-term(T)@30,2N4R,Non-tryptic(T)@30
C-term(T)@30,2N4R,Non-tryptic(M)@31
N-term(M)@31,2N4R,Non-tryptic(M)@31
C-term(M)@31,2N4R,Non-tryptic(H)@32
N-term(H)@32,2N4R,Non-tryptic(H)@32
C-term(H)@32,2N4R,Non-tryptic(Q)@33
N-term(Q)@33,2N4R,Non-tryptic(Q)@33
C-term(Q)@33,2N4R,Non-tryptic(D)@34
N-term(D)@34,2N4R,Non-tryptic(D)@34
C-term(D)@34,2N4R,Non-tryptic(Q)@35
N-term(Q)@35,2N4R,Non-tryptic(Q)@35
C-term(Q)@35,2N4R,Non-tryptic(E)@36
N-term(E)@36,2N4R,Non-tryptic(E)@36
C-term(E)@36,2N4R,Non-tryptic(G)@37
N-term(G)@37,2N4R,Non-tryptic(G)@37
C-term(G)@37,2N4R,Non-tryptic(D)@38
N-term(D)@38,2N4R,Non-tryptic(D)@38
C-term(D)@38,2N4R,Non-tryptic(T)@39
N-term(T)@39,2N4R,Non-tryptic(T)@39
C-term(T)@39,2N4R,Non-tryptic(D)@40
N-term(D)@40,2N4R,Non-tryptic(D)@40
C-term(D)@40,2N4R,Non-tryptic(A)@41
N-term(A)@41,2N4R,Non-tryptic(A)@41
C-term(A)@41,2N4R,Non-tryptic(G)@42
N-term(G)@42,2N4R,Non-tryptic(G)@42
C-term(G)@42,2N4R,Non-tryptic(L)@43
N-term(L)@43,2N4R,Non-tryptic(L)@43
C-term(L)@43,2N4R,Non-tryptic(K)@44
N-term(K)@44,2N4R,Non-tryptic(K)@44
C-term(K)@44,2N4R,Non-tryptic(E)@45
N-term(E)@45,2N4R,Non-tryptic(E)@45
C-term(E)@45,2N4R,Non-tryptic(S)@46
N-term(S)@46,2N4R,Non-tryptic(S)@46
C-term(S)@46,2N4R,Non-tryptic(P)@47
N-term(P)@47,2N4R,Non-tryptic(P)@47
C-term(P)@47,2N4R,Non-tryptic(L)@48
N-term(L)@48,2N4R,Non-tryptic(L)@48
C-term(L)@48,2N4R,Non-tryptic(Q)@49
N-term(Q)@49,2N4R,Non-tryptic(Q)@49
C-term(Q)@49,2N4R,Non-tryptic(T)@50
N-term(T)@50,2N4R,Non-tryptic(T)@50
C-term(T)@50,2N4R,Non-tryptic(P)@51
N-term(P)@51,2N4R,Non-tryptic(P)@51
C-term(P)@51,2N4R,Non-tryptic(T)@52
N-term(T)@52,2N4R,Non-tryptic(T)@52
C-term(T)@52,2N4R,Non-tryptic(E)@53
N-term(E)@53,2N4R,Non-tryptic(E)@53
C-term(E)@53,2N4R,Non-tryptic(D)@54
N-term(D)@54,2N4R,Non-tryptic(D)@54
C-term(D)@54,2N4R,Non-tryptic(G)@55
N-term(G)@55,2N4R,Non-tryptic(G)@55
C-term(G)@55,2N4R,Non-tryptic(S)@56
N-term(S)@56,2N4R,Non-tryptic(S)@56
C-term(S)@56,2N4R,Non-tryptic(E)@57
N-term(E)@57,2N4R,Non-tryptic(E)@57
C-term(E)@57,2N4R,Non-tryptic(E)@58
N-term(E)@58,2N4R,Non-tryptic(E)@58
C-term(E)@58,2N4R,Non-tryptic(P)@59
N-term(P)@59,2N4R,Non-tryptic(P)@59
C-term(P)@59,2N4R,Non-tryptic(G)@60
N-term(G)@60,2N4R,Non-tryptic(G)@60
C-term(G)@60,2N4R,Non-tryptic(S)@61
N-term(S)@61,2N4R,Non-tryptic(S)@61
C-term(S)@61,2N4R,Non-tryptic(E)@62
N-term(E)@62,2N4R,Non-tryptic(E)@62
C-term(E)@62,2N4R,Non-tryptic(T)@63
N-term(T)@63,2N4R,Non-tryptic(T)@63
C-term(T)@63,2N4R,Non-tryptic(S)@64
N-term(S)@64,2N4R,Non-tryptic(S)@64
C-term(S)@64,2N4R,Non-tryptic(D)@65
N-term(D)@65,2N4R,Non-tryptic(D)@65
C-term(D)@65,2N4R,Non-tryptic(A)@66
N-term(A)@66,2N4R,Non-tryptic(A)@66
C-term(A)@66,2N4R,Non-tryptic(K)@67
N-term(K)@67,2N4R,Non-tryptic(K)@67
C-term(K)@67,2N4R,Non-tryptic(S)@68
N-term(S)@68,2N4R,Non-tryptic(S)@68
C-term(S)@68,2N4R,Non-tryptic(T)@69
N-term(T)@69,2N4R,Non-tryptic(T)@69
C-term(T)@69,2N4R,Non-tryptic(P)@70
N-term(P)@70,2N4R,Non-tryptic(P)@70
C-term(P)@70,2N4R,Non-tryptic(T)@71
N-term(T)@71,2N4R,Non-tryptic(T)@71
C-term(T)@71,2N4R,Non-tryptic(A)@72
N-term(A)@72,2N4R,Non-tryptic(A)@72
C-term(A)@72,2N4R,Non-tryptic(E)@73
N-term(E)@73,2N4R,Non-tryptic(E)@73
C-term(E)@73,2N4R,Non-tryptic(D)@74
N-term(D)@74,2N4R,Non-tryptic(D)@74
C-term(D)@74,2N4R,Non-tryptic(V)@75
N-term(V)@75,2N4R,Non-tryptic(V)@75
C-term(V)@75,2N4R,Non-tryptic(T)@76
N-term(T)@76,2N4R,Non-tryptic(T)@76
C-term(T)@76,2N4R,Non-tryptic(A)@77
N-term(A)@77,2N4R,Non-tryptic(A)@77
C-term(A)@77,2N4R,Non-tryptic(P)@78
N-term(P)@78,2N4R,Non-tryptic(P)@78
C-term(P)@78,2N4R,Non-tryptic(L)@79
N-term(L)@79,2N4R,Non-tryptic(L)@79
C-term(L)@79,2N4R,Non-tryptic(V)@80
N-term(V)@80,2N4R,Non-tryptic(V)@80
C-term(V)@80,2N4R,Non-tryptic(D)@81
N-term(D)@81,2N4R,Non-tryptic(D)@81
C-term(D)@81,2N4R,Non-tryptic(E)@82
N-term(E)@82,2N4R,Non-tryptic(E)@82
C-term(E)@82,2N4R,Non-tryptic(G)@83
N-term(G)@83,2N4R,Non-tryptic(G)@83
C-term(G)@83,2N4R,Non-tryptic(A)@84
N-term(A)@84,2N4R,Non-tryptic(A)@84
C-term(A)@84,2N4R,Non-tryptic(P)@85
N-term(P)@85,2N4R,Non-tryptic(P)@85
C-term(P)@85,2N4R,Non-tryptic(G)@86
N-term(G)@86,2N4R,Non-tryptic(G)@86
C-term(G)@86,2N4R,Non-tryptic(K)@87
N-term(K)@87,2N4R,Non-tryptic(K)@87
C-term(K)@87,2N4R,Non-tryptic(Q)@88
N-term(Q)@88,2N4R,Non-tryptic(Q)@88
C-term(Q)@88,2N4R,Non-tryptic(A)@89
N-term(A)@89,2N4R,Non-tryptic(A)@89
C-term(A)@89,2N4R,Non-tryptic(A)@90
N-term(A)@90,2N4R,Non-tryptic(A)@90
C-term(A)@90,2N4R,Non-tryptic(A)@91
N-term(A)@91,2N4R,Non-tryptic(A)@91
C-term(A)@91,2N4R,Non-tryptic(Q)@92
N-term(Q)@92,2N4R,Non-tryptic(Q)@92
C-term(Q)@92,2N4R,Non-tryptic(P)@93
N-term(P)@93,2N4R,Non-tryptic(P)@93
C-term(P)@93,2N4R,Non-tryptic(H)@94
N-term(H)@94,2N4R,Non-tryptic(H)@94
C-term(H)@94,2N4R,Non-tryptic(T)@95
N-term(T)@95,2N4R,Non-tryptic(T)@95
C-term(T)@95,2N4R,Non-tryptic(E)@96
N-term(E)@96,2N4R,Non-tryptic(E)@96
C-term(E)@96,2N4R,Non-tryptic(I)@97
N-term(I)@97,2N4R,Non-tryptic(I)@97
C-term(I)@97,2N4R,Non-tryptic(P)@98
N-term(P)@98,2N4R,Non-tryptic(P)@98
C-term(P)@98,2N4R,Non-tryptic(E)@99
N-term(E)@99,2N4R,Non-tryptic(E)@99
C-term(E)@99,2N4R,Non-tryptic(G)@100
N-term(G)@100,2N4R,Non-tryptic(G)@100
C-term(G)@100,2N4R,Non-tryptic(T)@101
N-term(T)@101,2N4R,Non-tryptic(T)@101
C-term(T)@101,2N4R,Non-tryptic(T)@102
N-term(T)@102,2N4R,Non-tryptic(T)@102
C-term(T)@102,2N4R,Non-tryptic(A)@103
N-term(A)@103,2N4R,Non-tryptic(A)@103
C-term(A)@103,2N4R,Non-tryptic(E)@104
N-term(E)@104,2N4R,Non-tryptic(E)@104
C-term(E)@104,2N4R,Non-tryptic(E)@105
N-term(E)@105,2N4R,Non-tryptic(E)@105
C-term(E)@105,2N4R,Non-tryptic(A)@106
N-term(A)@106,2N4R,Non-tryptic(A)@106
C-term(A)@106,2N4R,Non-tryptic(G)@107
N-term(G)@107,2N4R,Non-tryptic(G)@107
C-term(G)@107,2N4R,Non-tryptic(I)@108
N-term(I)@108,2N4R,Non-tryptic(I)@108
C-term(I)@108,2N4R,Non-tryptic(G)@109
N-term(G)@109,2N4R,Non-tryptic(G)@109
C-term(G)@109,2N4R,Non-tryptic(D)@110
N-term(D)@110,2N4R,Non-tryptic(D)@110
C-term(D)@110,2N4R,Non-tryptic(T)@111
N-term(T)@111,2N4R,Non-tryptic(T)@111
C-term(T)@111,2N4R,Non-tryptic(P)@112
N-term(P)@112,2N4R,Non-tryptic(P)@112
C-term(P)@112,2N4R,Non-tryptic(S)@113
N-term(S)@113,2N4R,Non-tryptic(S)@113
C-term(S)@113,2N4R,Non-tryptic(L)@114
N-term(L)@114,2N4R,Non-tryptic(L)@114
C-term(L)@114,2N4R,Non-tryptic(E)@115
N-term(E)@115,2N4R,Non-tryptic(E)@115
C-term(E)@115,2N4R,Non-tryptic(D)@116
N-term(D)@116,2N4R,Non-tryptic(D)@116
C-term(D)@116,2N4R,Non-tryptic(E)@117
N-term(E)@117,2N4R,Non-tryptic(E)@117
C-term(E)@117,2N4R,Non-tryptic(A)@118
N-term(A)@118,2N4R,Non-tryptic(A)@118
C-term(A)@118,2N4R,Non-tryptic(A)@119
N-term(A)@119,2N4R,Non-tryptic(A)@119
C-term(A)@119,2N4R,Non-tryptic(G)@120
N-term(G)@120,2N4R,Non-tryptic(G)@120
C-term(G)@120,2N4R,Non-tryptic(H)@121
N-term(H)@121,2N4R,Non-tryptic(H)@121
C-term(H)@121,2N4R,Non-tryptic(V)@122
N-term(V)@122,2N4R,Non-tryptic(V)@122
C-term(V)@122,2N4R,Non-tryptic(T)@123
N-term(T)@123,2N4R,Non-tryptic(T)@123
C-term(T)@123,2N4R,Non-tryptic(Q)@124
N-term(Q)@124,2N4R,Non-tryptic(Q)@124
C-term(Q)@124,2N4R,Non-tryptic(A)@125
N-term(A)@125,2N4R,Non-tryptic(A)@125
C-term(A)@125,2N4R,Non-tryptic(R)@126
N-term(R)@126,2N4R,Non-tryptic(R)@126
C-term(R)@126,2N4R,Non-tryptic(M)@127
N-term(M)@127,2N4R,Non-tryptic(M)@127
C-term(M)@127,2N4R,Non-tryptic(V)@128
N-term(V)@128,2N4R,Non-tryptic(V)@128
C-term(V)@128,2N4R,Non-tryptic(S)@129
N-term(S)@129,2N4R,Non-tryptic(S)@129
C-term(S)@129,2N4R,Non-tryptic(K)@130
N-term(K)@130,2N4R,Non-tryptic(K)@130
C-term(K)@130,2N4R,Non-tryptic(S)@131
N-term(S)@131,2N4R,Non-tryptic(S)@131
C-term(S)@131,2N4R,Non-tryptic(K)@132
N-term(K)@132,2N4R,Non-tryptic(K)@132
C-term(K)@132,2N4R,Non-tryptic(D)@133
N-term(D)@133,2N4R,Non-tryptic(D)@133
C-term(D)@133,2N4R,Non-tryptic(G)@134
N-term(G)@134,2N4R,Non-tryptic(G)@134
C-term(G)@134,2N4R,Non-tryptic(T)@135
N-term(T)@135,2N4R,Non-tryptic(T)@135
C-term(T)@135,2N4R,Non-tryptic(G)@136
N-term(G)@136,2N4R,Non-tryptic(G)@136
C-term(G)@136,2N4R,Non-tryptic(S)@137
N-term(S)@137,2N4R,Non-tryptic(S)@137
C-term(S)@137,2N4R,Non-tryptic(D)@138
N-term(D)@138,2N4R,Non-tryptic(D)@138
C-term(D)@138,2N4R,Non-tryptic(D)@139
N-term(D)@139,2N4R,Non-tryptic(D)@139
C-term(D)@139,2N4R,Non-tryptic(K)@140
N-term(K)@140,2N4R,Non-tryptic(K)@140
C-term(K)@140,2N4R,Non-tryptic(K)@141
N-term(K)@141,2N4R,Non-tryptic(K)@141
C-term(K)@141,2N4R,Non-tryptic(A)@142
N-term(A)@142,2N4R,Non-tryptic(A)@142
C-term(A)@142,2N4R,Non-tryptic(K)@143
N-term(K)@143,2N4R,Non-tryptic(K)@143
C-term(K)@143,2N4R,Non-tryptic(G)@144
N-term(G)@144,2N4R,Non-tryptic(G)@144
C-term(G)@144,2N4R,Non-tryptic(A)@145
N-term(A)@145,2N4R,Non-tryptic(A)@145
C-term(A)@145,2N4R,Non-tryptic(D)@146
N-term(D)@146,2N4R,Non-tryptic(D)@146
C-term(D)@146,2N4R,Non-tryptic(G)@147
N-term(G)@147,2N4R,Non-tryptic(G)@147
C-term(G)@147,2N4R,Non-tryptic(K)@148
N-term(K)@148,2N4R,Non-tryptic(K)@148
C-term(K)@148,2N4R,Non-tryptic(T)@149
N-term(T)@149,2N4R,Non-tryptic(T)@149
C-term(T)@149,2N4R,Non-tryptic(K)@150
N-term(K)@150,2N4R,Non-tryptic(K)@150
C-term(K)@150,2N4R,Non-tryptic(I)@151
N-term(I)@151,2N4R,Non-tryptic(I)@151
C-term(I)@151,2N4R,Non-tryptic(A)@152
N-term(A)@152,2N4R,Non-tryptic(A)@152
C-term(A)@152,2N4R,Non-tryptic(T)@153
N-term(T)@153,2N4R,Non-tryptic(T)@153
C-term(T)@153,2N4R,Non-tryptic(P)@154
N-term(P)@154,2N4R,Non-tryptic(P)@154
C-term(P)@154,2N4R,Non-tryptic(R)@155
N-term(R)@155,2N4R,Non-tryptic(R)@155
C-term(R)@155,2N4R,Non-tryptic(G)@156
N-term(G)@156,2N4R,Non-tryptic(G)@156
C-term(G)@156,2N4R,Non-tryptic(A)@157
N-term(A)@157,2N4R,Non-tryptic(A)@157
C-term(A)@157,2N4R,Non-tryptic(A)@158
N-term(A)@158,2N4R,Non-tryptic(A)@158
C-term(A)@158,2N4R,Non-tryptic(P)@159
N-term(P)@159,2N4R,Non-tryptic(P)@159
C-term(P)@159,2N4R,Non-tryptic(P)@160
N-term(P)@160,2N4R,Non-tryptic(P)@160
C-term(P)@160,2N4R,Non-tryptic(G)@161
N-term(G)@161,2N4R,Non-tryptic(G)@161
C-term(G)@161,2N4R,Non-tryptic(Q)@162
N-term(Q)@162,2N4R,Non-tryptic(Q)@162
C-term(Q)@162,2N4R,Non-tryptic(K)@163
N-term(K)@163,2N4R,Non-tryptic(K)@163
C-term(K)@163,2N4R,Non-tryptic(G)@164
N-term(G)@164,2N4R,Non-tryptic(G)@164
C-term(G)@164,2N4R,Non-tryptic(Q)@165
N-term(Q)@165,2N4R,Non-tryptic(Q)@165
C-term(Q)@165,2N4R,Non-tryptic(A)@166
N-term(A)@166,2N4R,Non-tryptic(A)@166
C-term(A)@166,2N4R,Non-tryptic(N)@167
N-term(N)@167,2N4R,Non-tryptic(N)@167
C-term(N)@167,2N4R,Non-tryptic(A)@168
N-term(A)@168,2N4R,Non-tryptic(A)@168
C-term(A)@168,2N4R,Non-tryptic(T)@169
N-term(T)@169,2N4R,Non-tryptic(T)@169
C-term(T)@169,2N4R,Non-tryptic(R)@170
N-term(R)@170,2N4R,Non-tryptic(R)@170
C-term(R)@170,2N4R,Non-tryptic(I)@171
N-term(I)@171,2N4R,Non-tryptic(I)@171
C-term(I)@171,2N4R,Non-tryptic(P)@172
N-term(P)@172,2N4R,Non-tryptic(P)@172
C-term(P)@172,2N4R,Non-tryptic(A)@173
N-term(A)@173,2N4R,Non-tryptic(A)@173
C-term(A)@173,2N4R,Non-tryptic(K)@174
N-term(K)@174,2N4R,Non-tryptic(K)@174
C-term(K)@174,2N4R,Non-tryptic(T)@175
N-term(T)@175,2N4R,Non-tryptic(T)@175
C-term(T)@175,2N4R,Non-tryptic(P)@176
N-term(P)@176,2N4R,Non-tryptic(P)@176
C-term(P)@176,2N4R,Non-tryptic(P)@177
N-term(P)@177,2N4R,Non-tryptic(P)@177
C-term(P)@177,2N4R,Non-tryptic(A)@178
N-term(A)@178,2N4R,Non-tryptic(A)@178
C-term(A)@178,2N4R,Non-tryptic(P)@179
N-term(P)@179,2N4R,Non-tryptic(P)@179
C-term(P)@179,2N4R,Non-tryptic(K)@180
N-term(K)@180,2N4R,Non-tryptic(K)@180
C-term(K)@180,2N4R,Non-tryptic(T)@181
N-term(T)@181,2N4R,Non-tryptic(T)@181
C-term(T)@181,2N4R,Non-tryptic(P)@182
N-term(P)@182,2N4R,Non-tryptic(P)@182
C-term(P)@182,2N4R,Non-tryptic(P)@183
N-term(P)@183,2N4R,Non-tryptic(P)@183
C-term(P)@183,2N4R,Non-tryptic(S)@184
N-term(S)@184,2N4R,Non-tryptic(S)@184
C-term(S)@184,2N4R,Non-tryptic(S)@185
N-term(S)@185,2N4R,Non-tryptic(S)@185
C-term(S)@185,2N4R,Non-tryptic(G)@186
N-term(G)@186,2N4R,Non-tryptic(G)@186
C-term(G)@186,2N4R,Non-tryptic(E)@187
N-term(E)@187,2N4R,Non-tryptic(E)@187
C-term(E)@187,2N4R,Non-tryptic(P)@188
N-term(P)@188,2N4R,Non-tryptic(P)@188
C-term(P)@188,2N4R,Non-tryptic(P)@189
N-term(P)@189,2N4R,Non-tryptic(P)@189
C-term(P)@189,2N4R,Non-tryptic(K)@190
N-term(K)@190,2N4R,Non-tryptic(K)@190
C-term(K)@190,2N4R,Non-tryptic(S)@191
N-term(S)@191,2N4R,Non-tryptic(S)@191
C-term(S)@191,2N4R,Non-tryptic(G)@192
N-term(G)@192,2N4R,Non-tryptic(G)@192
C-term(G)@192,2N4R,Non-tryptic(D)@193
N-term(D)@193,2N4R,Non-tryptic(D)@193
C-term(D)@193,2N4R,Non-tryptic(R)@194
N-term(R)@194,2N4R,Non-tryptic(R)@194
C-term(R)@194,2N4R,Non-tryptic(S)@195
N-term(S)@195,2N4R,Non-tryptic(S)@195
C-term(S)@195,2N4R,Non-tryptic(G)@196
N-term(G)@196,2N4R,Non-tryptic(G)@196
C-term(G)@196,2N4R,Non-tryptic(Y)@197
N-term(Y)@197,2N4R,Non-tryptic(Y)@197
C-term(Y)@197,2N4R,Non-tryptic(S)@198
N-term(S)@198,2N4R,Non-tryptic(S)@198
C-term(S)@198,2N4R,Non-tryptic(S)@199
N-term(S)@199,2N4R,Non-tryptic(S)@199
C-term(S)@199,2N4R,Non-tryptic(P)@200
N-term(P)@200,2N4R,Non-tryptic(P)@200
C-term(P)@200,2N4R,Non-tryptic(G)@201
N-term(G)@201,2N4R,Non-tryptic(G)@201
C-term(G)@201,2N4R,Non-tryptic(S)@202
N-term(S)@202,2N4R,Non-tryptic(S)@202
C-term(S)@202,2N4R,Non-tryptic(P)@203
N-term(P)@203,2N4R,Non-tryptic(P)@203
C-term(P)@203,2N4R,Non-tryptic(G)@204
N-term(G)@204,2N4R,Non-tryptic(G)@204
C-term(G)@204,2N4R,Non-tryptic(T)@205
N-term(T)@205,2N4R,Non-tryptic(T)@205
C-term(T)@205,2N4R,Non-tryptic(P)@206
N-term(P)@206,2N4R,Non-tryptic(P)@206
C-term(P)@206,2N4R,Non-tryptic(G)@207
N-term(G)@207,2N4R,Non-tryptic(G)@207
C-term(G)@207,2N4R,Non-tryptic(S)@208
N-term(S)@208,2N4R,Non-tryptic(S)@208
C-term(S)@208,2N4R,Non-tryptic(R)@209
N-term(R)@209,2N4R,Non-tryptic(R)@209
C-term(R)@209,2N4R,Non-tryptic(S)@210
N-term(S)@210,2N4R,Non-tryptic(S)@210
C-term(S)@210,2N4R,Non-tryptic(R)@211
N-term(R)@211,2N4R,Non-tryptic(R)@211
C-term(R)@211,2N4R,Non-tryptic(T)@212
N-term(T)@212,2N4R,Non-tryptic(T)@212
C-term(T)@212,2N4R,Non-tryptic(P)@213
N-term(P)@213,2N4R,Non-tryptic(P)@213
C-term(P)@213,2N4R,Non-tryptic(S)@214
N-term(S)@214,2N4R,Non-tryptic(S)@214
C-term(S)@214,2N4R,Non-tryptic(L)@215
N-term(L)@215,2N4R,Non-tryptic(L)@215
C-term(L)@215,2N4R,Non-tryptic(P)@216
N-term(P)@216,2N4R,Non-tryptic(P)@216
C-term(P)@216,2N4R,Non-tryptic(T)@217
N-term(T)@217,2N4R,Non-tryptic(T)@217
C-term(T)@217,2N4R,Non-tryptic(P)@218
N-term(P)@218,2N4R,Non-tryptic(P)@218
C-term(P)@218,2N4R,Non-tryptic(P)@219
N-term(P)@219,2N4R,Non-tryptic(P)@219
C-term(P)@219,2N4R,Non-tryptic(T)@220
N-term(T)@220,2N4R,Non-tryptic(T)@220
C-term(T)@220,2N4R,Non-tryptic(R)@221
N-term(R)@221,2N4R,Non-tryptic(R)@221
C-term(R)@221,2N4R,Non-tryptic(E)@222
N-term(E)@222,2N4R,Non-tryptic(E)@222
C-term(E)@222,2N4R,Non-tryptic(P)@223
N-term(P)@223,2N4R,Non-tryptic(P)@223
C-term(P)@223,2N4R,Non-tryptic(K)@224
N-term(K)@224,2N4R,Non-tryptic(K)@224
C-term(K)@224,2N4R,Non-tryptic(K)@225
N-term(K)@225,2N4R,Non-tryptic(K)@225
C-term(K)@225,2N4R,Non-tryptic(V)@226
N-term(V)@226,2N4R,Non-tryptic(V)@226
C-term(V)@226,2N4R,Non-tryptic(A)@227
N-term(A)@227,2N4R,Non-tryptic(A)@227
C-term(A)@227,2N4R,Non-tryptic(V)@228
N-term(V)@228,2N4R,Non-tryptic(V)@228
C-term(V)@228,2N4R,Non-tryptic(V)@229
N-term(V)@229,2N4R,Non-tryptic(V)@229
C-term(V)@229,2N4R,Non-tryptic(R)@230
N-term(R)@230,2N4R,Non-tryptic(R)@230
C-term(R)@230,2N4R,Non-tryptic(T)@231
N-term(T)@231,2N4R,Non-tryptic(T)@231
C-term(T)@231,2N4R,Non-tryptic(P)@232
N-term(P)@232,2N4R,Non-tryptic(P)@232
C-term(P)@232,2N4R,Non-tryptic(P)@233
N-term(P)@233,2N4R,Non-tryptic(P)@233
C-term(P)@233,2N4R,Non-tryptic(K)@234
N-term(K)@234,2N4R,Non-tryptic(K)@234
C-term(K)@234,2N4R,Non-tryptic(S)@235
N-term(S)@235,2N4R,Non-tryptic(S)@235
C-term(S)@235,2N4R,Non-tryptic(P)@236
N-term(P)@236,2N4R,Non-tryptic(P)@236
C-term(P)@236,2N4R,Non-tryptic(S)@237
N-term(S)@237,2N4R,Non-tryptic(S)@237
C-term(S)@237,2N4R,Non-tryptic(S)@238
N-term(S)@238,2N4R,Non-tryptic(S)@238
C-term(S)@238,2N4R,Non-tryptic(A)@239
N-term(A)@239,2N4R,Non-tryptic(A)@239
C-term(A)@239,2N4R,Non-tryptic(K)@240
N-term(K)@240,2N4R,Non-tryptic(K)@240
C-term(K)@240,2N4R,Non-tryptic(S)@241
N-term(S)@241,2N4R,Non-tryptic(S)@241
C-term(S)@241,2N4R,Non-tryptic(R)@242
N-term(R)@242,2N4R,Non-tryptic(R)@242
C-term(R)@242,2N4R,Non-tryptic(L)@243
N-term(L)@243,2N4R,Non-tryptic(L)@243
C-term(L)@243,2N4R,Non-tryptic(Q)@244
N-term(Q)@244,2N4R,Non-tryptic(Q)@244
C-term(Q)@244,2N4R,Non-tryptic(T)@245
N-term(T)@245,2N4R,Non-tryptic(T)@245
C-term(T)@245,2N4R,Non-tryptic(A)@246
N-term(A)@246,2N4R,Non-tryptic(A)@246
C-term(A)@246,2N4R,Non-tryptic(P)@247
N-term(P)@247,2N4R,Non-tryptic(P)@247
C-term(P)@247,2N4R,Non-tryptic(V)@248
N-term(V)@248,2N4R,Non-tryptic(V)@248
C-term(V)@248,2N4R,Non-tryptic(P)@249
N-term(P)@249,2N4R,Non-tryptic(P)@249
C-term(P)@249,2N4R,Non-tryptic(M)@250
N-term(M)@250,2N4R,Non-tryptic(M)@250
C-term(M)@250,2N4R,Non-tryptic(P)@251
N-term(P)@251,2N4R,Non-tryptic(P)@251
C-term(P)@251,2N4R,Non-tryptic(D)@252
N-term(D)@252,2N4R,Non-tryptic(D)@252
C-term(D)@252,2N4R,Non-tryptic(L)@253
N-term(L)@253,2N4R,Non-tryptic(L)@253
C-term(L)@253,2N4R,Non-tryptic(K)@254
N-term(K)@254,2N4R,Non-tryptic(K)@254
C-term(K)@254,2N4R,Non-tryptic(N)@255
N-term(N)@255,2N4R,Non-tryptic(N)@255
C-term(N)@255,2N4R,Non-tryptic(V)@256
N-term(V)@256,2N4R,Non-tryptic(V)@256
C-term(V)@256,2N4R,Non-tryptic(K)@257
N-term(K)@257,2N4R,Non-tryptic(K)@257
C-term(K)@257,2N4R,Non-tryptic(S)@258
N-term(S)@258,2N4R,Non-tryptic(S)@258
C-term(S)@258,2N4R,Non-tryptic(K)@259
N-term(K)@259,2N4R,Non-tryptic(K)@259
C-term(K)@259,2N4R,Non-tryptic(I)@260
N-term(I)@260,2N4R,Non-tryptic(I)@260
C-term(I)@260,2N4R,Non-tryptic(G)@261
N-term(G)@261,2N4R,Non-tryptic(G)@261
C-term(G)@261,2N4R,Non-tryptic(S)@262
N-term(S)@262,2N4R,Non-tryptic(S)@262
C-term(S)@262,2N4R,Non-tryptic(T)@263
N-term(T)@263,2N4R,Non-tryptic(T)@263
C-term(T)@263,2N4R,Non-tryptic(E)@264
N-term(E)@264,2N4R,Non-tryptic(E)@264
C-term(E)@264,2N4R,Non-tryptic(N)@265
N-term(N)@265,2N4R,Non-tryptic(N)@265
C-term(N)@265,2N4R,Non-tryptic(L)@266
N-term(L)@266,2N4R,Non-tryptic(L)@266
C-term(L)@266,2N4R,Non-tryptic(K)@267
N-term(K)@267,2N4R,Non-tryptic(K)@267
C-term(K)@267,2N4R,Non-tryptic(H)@268
N-term(H)@268,2N4R,Non-tryptic(H)@268
C-term(H)@268,2N4R,Non-tryptic(Q)@269
N-term(Q)@269,2N4R,Non-tryptic(Q)@269
C-term(Q)@269,2N4R,Non-tryptic(P)@270
N-term(P)@270,2N4R,Non-tryptic(P)@270
C-term(P)@270,2N4R,Non-tryptic(G)@271
N-term(G)@271,2N4R,Non-tryptic(G)@271
C-term(G)@271,2N4R,Non-tryptic(G)@272
N-term(G)@272,2N4R,Non-tryptic(G)@272
C-term(G)@272,2N4R,Non-tryptic(G)@273
N-term(G)@273,2N4R,Non-tryptic(G)@273
C-term(G)@273,2N4R,Non-tryptic(K)@274
N-term(K)@274,2N4R,Non-tryptic(K)@274
C-term(K)@274,2N4R,Non-tryptic(V)@275
N-term(V)@275,2N4R,Non-tryptic(V)@275
C-term(V)@275,2N4R,Non-tryptic(Q)@276
N-term(Q)@276,2N4R,Non-tryptic(Q)@276
C-term(Q)@276,2N4R,Non-tryptic(I)@277
N-term(I)@277,2N4R,Non-tryptic(I)@277
C-term(I)@277,2N4R,Non-tryptic(I)@278
N-term(I)@278,2N4R,Non-tryptic(I)@278
C-term(I)@278,2N4R,Non-tryptic(N)@279
N-term(N)@279,2N4R,Non-tryptic(N)@279
C-term(N)@279,2N4R,Non-tryptic(K)@280
N-term(K)@280,2N4R,Non-tryptic(K)@280
C-term(K)@280,2N4R,Non-tryptic(K)@281
N-term(K)@281,2N4R,Non-tryptic(K)@281
C-term(K)@281,2N4R,Non-tryptic(L)@282
N-term(L)@282,2N4R,Non-tryptic(L)@282
C-term(L)@282,2N4R,Non-tryptic(D)@283
N-term(D)@283,2N4R,Non-tryptic(D)@283
C-term(D)@283,2N4R,Non-tryptic(L)@284
N-term(L)@284,2N4R,Non-tryptic(L)@284
C-term(L)@284,2N4R,Non-tryptic(S)@285
N-term(S)@285,2N4R,Non-tryptic(S)@285
C-term(S)@285,2N4R,Non-tryptic(N)@286
N-term(N)@286,2N4R,Non-tryptic(N)@286
C-term(N)@286,2N4R,Non-tryptic(V)@287
N-term(V)@287,2N4R,Non-tryptic(V)@287
C-term(V)@287,2N4R,Non-tryptic(Q)@288
N-term(Q)@288,2N4R,Non-tryptic(Q)@288
C-term(Q)@288,2N4R,Non-tryptic(S)@289
N-term(S)@289,2N4R,Non-tryptic(S)@289
C-term(S)@289,2N4R,Non-tryptic(K)@290
N-term(K)@290,2N4R,Non-tryptic(K)@290
C-term(K)@290,2N4R,Non-tryptic(C)@291
N-term(C)@291,2N4R,Non-tryptic(C)@291
C-term(C)@291,2N4R,Non-tryptic(G)@292
N-term(G)@292,2N4R,Non-tryptic(G)@292
C-term(G)@292,2N4R,Non-tryptic(S)@293
N-term(S)@293,2N4R,Non-tryptic(S)@293
C-term(S)@293,2N4R,Non-tryptic(K)@294
N-term(K)@294,2N4R,Non-tryptic(K)@294
C-term(K)@294,2N4R,Non-tryptic(D)@295
N-term(D)@295,2N4R,Non-tryptic(D)@295
C-term(D)@295,2N4R,Non-tryptic(N)@296
N-term(N)@296,2N4R,Non-tryptic(N)@296
C-term(N)@296,2N4R,Non-tryptic(I)@297
N-term(I)@297,2N4R,Non-tryptic(I)@297
C-term(I)@297,2N4R,Non-tryptic(K)@298
N-term(K)@298,2N4R,Non-tryptic(K)@298
C-term(K)@298,2N4R,Non-tryptic(H)@299
N-term(H)@299,2N4R,Non-tryptic(H)@299
C-term(H)@299,2N4R,Non-tryptic(V)@300
N-term(V)@300,2N4R,Non-tryptic(V)@300
C-term(V)@300,2N4R,Non-tryptic(P)@301
N-term(P)@301,2N4R,Non-tryptic(P)@301
C-term(P)@301,2N4R,Non-tryptic(G)@302
N-term(G)@302,2N4R,Non-tryptic(G)@302
C-term(G)@302,2N4R,Non-tryptic(G)@303
N-term(G)@303,2N4R,Non-tryptic(G)@303
C-term(G)@303,2N4R,Non-tryptic(G)@304
N-term(G)@304,2N4R,Non-tryptic(G)@304
C-term(G)@304,2N4R,Non-tryptic(S)@305
N-term(S)@305,2N4R,Non-tryptic(S)@305
C-term(S)@305,2N4R,Non-tryptic(V)@306
N-term(V)@306,2N4R,Non-tryptic(V)@306
C-term(V)@306,2N4R,Non-tryptic(Q)@307
N-term(Q)@307,2N4R,Non-tryptic(Q)@307
C-term(Q)@307,2N4R,Non-tryptic(I)@308
N-term(I)@308,2N4R,Non-tryptic(I)@308
C-term(I)@308,2N4R,Non-tryptic(V)@309
N-term(V)@309,2N4R,Non-tryptic(V)@309
C-term(V)@309,2N4R,Non-tryptic(Y)@310
N-term(Y)@310,2N4R,Non-tryptic(Y)@310
C-term(Y)@310,2N4R,Non-tryptic(K)@311
N-term(K)@311,2N4R,Non-tryptic(K)@311
C-term(K)@311,2N4R,Non-tryptic(P)@312
N-term(P)@312,2N4R,Non-tryptic(P)@312
C-term(P)@312,2N4R,Non-tryptic(V)@313
N-term(V)@313,2N4R,Non-tryptic(V)@313
C-term(V)@313,2N4R,Non-tryptic(D)@314
N-term(D)@314,2N4R,Non-tryptic(D)@314
C-term(D)@314,2N4R,Non-tryptic(L)@315
N-term(L)@315,2N4R,Non-tryptic(L)@315
C-term(L)@315,2N4R,Non-tryptic(S)@316
N-term(S)@316,2N4R,Non-tryptic(S)@316
C-term(S)@316,2N4R,Non-tryptic(K)@317
N-term(K)@317,2N4R,Non-tryptic(K)@317
C-term(K)@317,2N4R,Non-tryptic(V)@318
N-term(V)@318,2N4R,Non-tryptic(V)@318
C-term(V)@318,2N4R,Non-tryptic(T)@319
N-term(T)@319,2N4R,Non-tryptic(T)@319
C-term(T)@319,2N4R,Non-tryptic(S)@320
N-term(S)@320,2N4R,Non-tryptic(S)@320
C-term(S)@320,2N4R,Non-tryptic(K)@321
N-term(K)@321,2N4R,Non-tryptic(K)@321
C-term(K)@321,2N4R,Non-tryptic(C)@322
N-term(C)@322,2N4R,Non-tryptic(C)@322
C-term(C)@322,2N4R,Non-tryptic(G)@323
N-term(G)@323,2N4R,Non-tryptic(G)@323
C-term(G)@323,2N4R,Non-tryptic(S)@324
N-term(S)@324,2N4R,Non-tryptic(S)@324
C-term(S)@324,2N4R,Non-tryptic(L)@325
N-term(L)@325,2N4R,Non-tryptic(L)@325
C-term(L)@325,2N4R,Non-tryptic(G)@326
N-term(G)@326,2N4R,Non-tryptic(G)@326
C-term(G)@326,2N4R,Non-tryptic(N)@327
N-term(N)@327,2N4R,Non-tryptic(N)@327
C-term(N)@327,2N4R,Non-tryptic(I)@328
N-term(I)@328,2N4R,Non-tryptic(I)@328
C-term(I)@328,2N4R,Non-tryptic(H)@329
N-term(H)@329,2N4R,Non-tryptic(H)@329
C-term(H)@329,2N4R,Non-tryptic(H)@330
N-term(H)@330,2N4R,Non-tryptic(H)@330
C-term(H)@330,2N4R,Non-tryptic(K)@331
N-term(K)@331,2N4R,Non-tryptic(K)@331
C-term(K)@331,2N4R,Non-tryptic(P)@332
N-term(P)@332,2N4R,Non-tryptic(P)@332
C-term(P)@332,2N4R,Non-tryptic(G)@333
N-term(G)@333,2N4R,Non-tryptic(G)@333
C-term(G)@333,2N4R,Non-tryptic(G)@334
N-term(G)@334,2N4R,Non-tryptic(G)@334
C-term(G)@334,2N4R,Non-tryptic(G)@335
N-term(G)@335,2N4R,Non-tryptic(G)@335
C-term(G)@335,2N4R,Non-tryptic(Q)@336
N-term(Q)@336,2N4R,Non-tryptic(Q)@336
C-term(Q)@336,2N4R,Non-tryptic(V)@337
N-term(V)@337,2N4R,Non-tryptic(V)@337
C-term(V)@337,2N4R,Non-tryptic(E)@338
N-term(E)@338,2N4R,Non-tryptic(E)@338
C-term(E)@338,2N4R,Non-tryptic(V)@339
N-term(V)@339,2N4R,Non-tryptic(V)@339
C-term(V)@339,2N4R,Non-tryptic(K)@340
N-term(K)@340,2N4R,Non-tryptic(K)@340
C-term(K)@340,2N4R,Non-tryptic(S)@341
N-term(S)@341,2N4R,Non-tryptic(S)@341
C-term(S)@341,2N4R,Non-tryptic(E)@342
N-term(E)@342,2N4R,Non-tryptic(E)@342
C-term(E)@342,2N4R,Non-tryptic(K)@343
N-term(K)@343,2N4R,Non-tryptic(K)@343
C-term(K)@343,2N4R,Non-tryptic(L)@344
N-term(L)@344,2N4R,Non-tryptic(L)@344
C-term(L)@344,2N4R,Non-tryptic(D)@345
N-term(D)@345,2N4R,Non-tryptic(D)@345
C-term(D)@345,2N4R,Non-tryptic(F)@346
N-term(F)@346,2N4R,Non-tryptic(F)@346
C-term(F)@346,2N4R,Non-tryptic(K)@347
N-term(K)@347,2N4R,Non-tryptic(K)@347
C-term(K)@347,2N4R,Non-tryptic(D)@348
N-term(D)@348,2N4R,Non-tryptic(D)@348
C-term(D)@348,2N4R,Non-tryptic(R)@349
N-term(R)@349,2N4R,Non-tryptic(R)@349
C-term(R)@349,2N4R,Non-tryptic(V)@350
N-term(V)@350,2N4R,Non-tryptic(V)@350
C-term(V)@350,2N4R,Non-tryptic(Q)@351
N-term(Q)@351,2N4R,Non-tryptic(Q)@351
C-term(Q)@351,2N4R,Non-tryptic(S)@352
N-term(S)@352,2N4R,Non-tryptic(S)@352
C-term(S)@352,2N4R,Non-tryptic(K)@353
N-term(K)@353,2N4R,Non-tryptic(K)@353
C-term(K)@353,2N4R,Non-tryptic(I)@354
N-term(I)@354,2N4R,Non-tryptic(I)@354
C-term(I)@354,2N4R,Non-tryptic(G)@355
N-term(G)@355,2N4R,Non-tryptic(G)@355
C-term(G)@355,2N4R,Non-tryptic(S)@356
N-term(S)@356,2N4R,Non-tryptic(S)@356
C-term(S)@356,2N4R,Non-tryptic(L)@357
N-term(L)@357,2N4R,Non-tryptic(L)@357
C-term(L)@357,2N4R,Non-tryptic(D)@358
N-term(D)@358,2N4R,Non-tryptic(D)@358
C-term(D)@358,2N4R,Non-tryptic(N)@359
N-term(N)@359,2N4R,Non-tryptic(N)@359
C-term(N)@359,2N4R,Non-tryptic(I)@360
N-term(I)@360,2N4R,Non-tryptic(I)@360
C-term(I)@360,2N4R,Non-tryptic(T)@361
N-term(T)@361,2N4R,Non-tryptic(T)@361
C-term(T)@361,2N4R,Non-tryptic(H)@362
N-term(H)@362,2N4R,Non-tryptic(H)@362
C-term(H)@362,2N4R,Non-tryptic(V)@363
N-term(V)@363,2N4R,Non-tryptic(V)@363
C-term(V)@363,2N4R,Non-tryptic(P)@364
N-term(P)@364,2N4R,Non-tryptic(P)@364
C-term(P)@364,2N4R,Non-tryptic(G)@365
N-term(G)@365,2N4R,Non-tryptic(G)@365
C-term(G)@365,2N4R,Non-tryptic(G)@366
N-term(G)@366,2N4R,Non-tryptic(G)@366
C-term(G)@366,2N4R,Non-tryptic(G)@367
N-term(G)@367,2N4R,Non-tryptic(G)@367
C-term(G)@367,2N4R,Non-tryptic(N)@368
N-term(N)@368,2N4R,Non-tryptic(N)@368
C-term(N)@368,2N4R,Non-tryptic(K)@369
N-term(K)@369,2N4R,Non-tryptic(K)@369
C-term(K)@369,2N4R,Non-tryptic(K)@370
N-term(K)@370,2N4R,Non-tryptic(K)@370
C-term(K)@370,2N4R,Non-tryptic(I)@371
N-term(I)@371,2N4R,Non-tryptic(I)@371
C-term(I)@371,2N4R,Non-tryptic(E)@372
N-term(E)@372,2N4R,Non-tryptic(E)@372
C-term(E)@372,2N4R,Non-tryptic(T)@373
N-term(T)@373,2N4R,Non-tryptic(T)@373
C-term(T)@373,2N4R,Non-tryptic(H)@374
N-term(H)@374,2N4R,Non-tryptic(H)@374
C-term(H)@374,2N4R,Non-tryptic(K)@375
N-term(K)@375,2N4R,Non-tryptic(K)@375
C-term(K)@375,2N4R,Non-tryptic(L)@376
N-term(L)@376,2N4R,Non-tryptic(L)@376
C-term(L)@376,2N4R,Non-tryptic(T)@377
N-term(T)@377,2N4R,Non-tryptic(T)@377
C-term(T)@377,2N4R,Non-tryptic(F)@378
N-term(F)@378,2N4R,Non-tryptic(F)@378
C-term(F)@378,2N4R,Non-tryptic(R)@379
N-term(R)@379,2N4R,Non-tryptic(R)@379
C-term(R)@379,2N4R,Non-tryptic(E)@380
N-term(E)@380,2N4R,Non-tryptic(E)@380
C-term(E)@380,2N4R,Non-tryptic(N)@381
N-term(N)@381,2N4R,Non-tryptic(N)@381
C-term(N)@381,2N4R,Non-tryptic(A)@382
N-term(A)@382,2N4R,Non-tryptic(A)@382
C-term(A)@382,2N4R,Non-tryptic(K)@383
N-term(K)@383,2N4R,Non-tryptic(K)@383
C-term(K)@383,2N4R,Non-tryptic(A)@384
N-term(A)@384,2N4R,Non-tryptic(A)@384
C-term(A)@384,2N4R,Non-tryptic(K)@385
N-term(K)@385,2N4R,Non-tryptic(K)@385
C-term(K)@385,2N4R,Non-tryptic(T)@386
N-term(T)@386,2N4R,Non-tryptic(T)@386
C-term(T)@386,2N4R,Non-tryptic(D)@387
N-term(D)@387,2N4R,Non-tryptic(D)@387
C-term(D)@387,2N4R,Non-tryptic(H)@388
N-term(H)@388,2N4R,Non-tryptic(H)@388
C-term(H)@388,2N4R,Non-tryptic(G)@389
N-term(G)@389,2N4R,Non-tryptic(G)@389
C-term(G)@389,2N4R,Non-tryptic(A)@390
N-term(A)@390,2N4R,Non-tryptic(A)@390
C-term(A)@390,2N4R,Non-tryptic(E)@391
N-term(E)@391,2N4R,Non-tryptic(E)@391
C-term(E)@391,2N4R,Non-tryptic(I)@392
N-term(I)@392,2N4R,Non-tryptic(I)@392
C-term(I)@392,2N4R,Non-tryptic(V)@393
N-term(V)@393,2N4R,Non-tryptic(V)@393
C-term(V)@393,2N4R,Non-tryptic(Y)@394
N-term(Y)@394,2N4R,Non-tryptic(Y)@394
C-term(Y)@394,2N4R,Non-tryptic(K)@395
N-term(K)@395,2N4R,Non-tryptic(K)@395
C-term(K)@395,2N4R,Non-tryptic(S)@396
N-term(S)@396,2N4R,Non-tryptic(S)@396
C-term(S)@396,2N4R,Non-tryptic(P)@397
N-term(P)@397,2N4R,Non-tryptic(P)@397
C-term(P)@397,2N4R,Non-tryptic(V)@398
N-term(V)@398,2N4R,Non-tryptic(V)@398
C-term(V)@398,2N4R,Non-tryptic(V)@399
N-term(V)@399,2N4R,Non-tryptic(V)@399
C-term(V)@399,2N4R,Non-tryptic(S)@400
N-term(S)@400,2N4R,Non-tryptic(S)@400
C-term(S)@400,2N4R,Non-tryptic(G)@401
N-term(G)@401,2N4R,Non-tryptic(G)@401
C-term(G)@401,2N4R,Non-tryptic(D)@402
N-term(D)@402,2N4R,Non-tryptic(D)@402
C-term(D)@402,2N4R,Non-tryptic(T)@403
N-term(T)@403,2N4R,Non-tryptic(T)@403
C-term(T)@403,2N4R,Non-tryptic(S)@404
N-term(S)@404,2N4R,Non-tryptic(S)@404
C-term(S)@404,2N4R,Non-tryptic(P)@405
N-term(P)@405,2N4R,Non-tryptic(P)@405
C-term(P)@405,2N4R,Non-tryptic(R)@406
N-term(R)@406,2N4R,Non-tryptic(R)@406
C-term(R)@406,2N4R,Non-tryptic(H)@407
N-term(H)@407,2N4R,Non-tryptic(H)@407
C-term(H)@407,2N4R,Non-tryptic(L)@408
N-term(L)@408,2N4R,Non-tryptic(L)@408
C-term(L)@408,2N4R,Non-tryptic(S)@409
N-term(S)@409,2N4R,Non-tryptic(S)@409
C-term(S)@409,2N4R,Non-tryptic(N)@410
N-term(N)@410,2N4R,Non-tryptic(N)@410
C-term(N)@410,2N4R,Non-tryptic(V)@411
N-term(V)@411,2N4R,Non-tryptic(V)@411
C-term(V)@411,2N4R,Non-tryptic(S)@412
N-term(S)@412,2N4R,Non-tryptic(S)@412
C-term(S)@412,2N4R,Non-tryptic(S)@413
N-term(S)@413,2N4R,Non-tryptic(S)@413
C-term(S)@413,2N4R,Non-tryptic(T)@414
N-term(T)@414,2N4R,Non-tryptic(T)@414
C-term(T)@414,2N4R,Non-tryptic(G)@415
N-term(G)@415,2N4R,Non-tryptic(G)@415
C-term(G)@415,2N4R,Non-tryptic(S)@416
N-term(S)@416,2N4R,Non-tryptic(S)@416
C-term(S)@416,2N4R,Non-tryptic(I)@417
N-term(I)@417,2N4R,Non-tryptic(I)@417
C-term(I)@417,2N4R,Non-tryptic(D)@418
N-term(D)@418,2N4R,Non-tryptic(D)@418
C-term(D)@418,2N4R,Non-tryptic(M)@419
N-term(M)@419,2N4R,Non-tryptic(M)@419
C-term(M)@419,2N4R,Non-tryptic(V)@420
N-term(V)@420,2N4R,Non-tryptic(V)@420
C-term(V)@420,2N4R,Non-tryptic(D)@421
N-term(D)@421,2N4R,Non-tryptic(D)@421
C-term(D)@421,2N4R,Non-tryptic(S)@422
N-term(S)@422,2N4R,Non-tryptic(S)@422
C-term(S)@422,2N4R,Non-tryptic(P)@423
N-term(P)@423,2N4R,Non-tryptic(P)@423
C-term(P)@423,2N4R,Non-tryptic(Q)@424
N-term(Q)@424,2N4R,Non-tryptic(Q)@424
C-term(Q)@424,2N4R,Non-tryptic(L)@425
N-term(L)@425,2N4R,Non-tryptic(L)@425
C-term(L)@425,2N4R,Non-tryptic(A)@426
N-term(A)@426,2N4R,Non-tryptic(A)@426
C-term(A)@426,2N4R,Non-tryptic(T)@427
N-term(T)@427,2N4R,Non-tryptic(T)@427
C-term(T)@427,2N4R,Non-tryptic(L)@428
N-term(L)@428,2N4R,Non-tryptic(L)@428
C-term(L)@428,2N4R,Non-tryptic(A)@429
N-term(A)@429,2N4R,Non-tryptic(A)@429
C-term(A)@429,2N4R,Non-tryptic(D)@430
N-term(D)@430,2N4R,Non-tryptic(D)@430
C-term(D)@430,2N4R,Non-tryptic(E)@431
N-term(E)@431,2N4R,Non-tryptic(E)@431
C-term(E)@431,2N4R,Non-tryptic(V)@432
N-term(V)@432,2N4R,Non-tryptic(V)@432
C-term(V)@432,2N4R,Non-tryptic(S)@433
N-term(S)@433,2N4R,Non-tryptic(S)@433
C-term(S)@433,2N4R,Non-tryptic(A)@434
N-term(A)@434,2N4R,Non-tryptic(A)@434
C-term(A)@434,2N4R,Non-tryptic(S)@435
N-term(S)@435,2N4R,Non-tryptic(S)@435
C-term(S)@435,2N4R,Non-tryptic(L)@436
N-term(L)@436,2N4R,Non-tryptic(L)@436
C-term(L)@436,2N4R,Non-tryptic(A)@437
N-term(A)@437,2N4R,Non-tryptic(A)@437
C-term(A)@437,2N4R,Non-tryptic(K)@438
N-term(K)@438,2N4R,Non-tryptic(K)@438
C-term(K)@438,2N4R,Non-tryptic(Q)@439
N-term(Q)@439,2N4R,Non-tryptic(Q)@439
C-term(Q)@439,2N4R,Non-tryptic(G)@440
N-term(G)@440,2N4R,Non-tryptic(G)@440
C-term(G)@440,2N4R,Non-tryptic(L)@441
N-term(L)@441,2N4R,Non-tryptic(L)@441
N-term(D)@25,0N,Non-tryptic(D)@25
C-term(D)@25,0N,Non-tryptic(Q)@26
N-term(Q)@26,0N,Non-tryptic(Q)@26
C-term(Q)@26,0N,Non-tryptic(G)@27
N-term(G)@27,0N,Non-tryptic(G)@27
C-term(G)@27,0N,Non-tryptic(G)@28
N-term(G)@28,0N,Non-tryptic(G)@28
C-term(G)@28,0N,Non-tryptic(Y)@29
N-term(Y)@29,0N,Non-tryptic(Y)@29
C-term(Y)@29,0N,Non-tryptic(T)@30
N-term(T)@30,0N,Non-tryptic(T)@30
C-term(T)@30,0N,Non-tryptic(M)@31
N-term(M)@31,0N,Non-tryptic(M)@31
C-term(M)@31,0N,Non-tryptic(H)@32
N-term(H)@32,0N,Non-tryptic(H)@32
C-term(H)@32,0N,Non-tryptic(Q)@33
N-term(Q)@33,0N,Non-tryptic(Q)@33
C-term(Q)@33,0N,Non-tryptic(D)@34
N-term(D)@34,0N,Non-tryptic(D)@34
C-term(D)@34,0N,Non-tryptic(Q)@35
N-term(Q)@35,0N,Non-tryptic(Q)@35
C-term(Q)@35,0N,Non-tryptic(E)@36
N-term(E)@36,0N,Non-tryptic(E)@36
C-term(E)@36,0N,Non-tryptic(G)@37
N-term(G)@37,0N,Non-tryptic(G)@37
C-term(G)@37,0N,Non-tryptic(D)@38
N-term(D)@38,0N,Non-tryptic(D)@38
C-term(D)@38,0N,Non-tryptic(T)@39
N-term(T)@39,0N,Non-tryptic(T)@39
C-term(T)@39,0N,Non-tryptic(D)@40
N-term(D)@40,0N,Non-tryptic(D)@40
C-term(D)@40,0N,Non-tryptic(A)@41
N-term(A)@41,0N,Non-tryptic(A)@41
C-term(A)@41,0N,Non-tryptic(G)@42
N-term(G)@42,0N,Non-tryptic(G)@42
C-term(G)@42,0N,Non-tryptic(L)@43
N-term(L)@43,0N,Non-tryptic(L)@43
C-term(L)@43,0N,Non-tryptic(K)@44
N-term(K)@44,0N,Non-tryptic(K)@44
C-term(K)@44,0N,Non-tryptic(A)@45
N-term(A)@45,0N,Non-tryptic(A)@45
C-term(A)@45,0N,Non-tryptic(E)@46
N-term(E)@104,0N,Non-tryptic(E)@104
C-term(E)@104,0N,Non-tryptic(E)@105
N-term(E)@105,0N,Non-tryptic(E)@105
C-term(E)@105,0N,Non-tryptic(A)@106
N-term(A)@106,0N,Non-tryptic(A)@106
C-term(A)@106,0N,Non-tryptic(G)@107
N-term(G)@107,0N,Non-tryptic(G)@107
C-term(G)@107,0N,Non-tryptic(I)@108
N-term(I)@108,0N,Non-tryptic(I)@108
C-term(I)@108,0N,Non-tryptic(G)@109
N-term(G)@109,0N,Non-tryptic(G)@109
C-term(G)@109,0N,Non-tryptic(D)@110
N-term(D)@110,0N,Non-tryptic(D)@110
C-term(D)@110,0N,Non-tryptic(T)@111
N-term(T)@111,0N,Non-tryptic(T)@111
C-term(T)@111,0N,Non-tryptic(P)@112
N-term(P)@112,0N,Non-tryptic(P)@112
C-term(P)@112,0N,Non-tryptic(S)@113
N-term(S)@113,0N,Non-tryptic(S)@113
C-term(S)@113,0N,Non-tryptic(L)@114
N-term(L)@114,0N,Non-tryptic(L)@114
C-term(L)@114,0N,Non-tryptic(E)@115
N-term(E)@115,0N,Non-tryptic(E)@115
C-term(E)@115,0N,Non-tryptic(D)@116
N-term(D)@116,0N,Non-tryptic(D)@116
C-term(D)@116,0N,Non-tryptic(E)@117
N-term(E)@117,0N,Non-tryptic(E)@117
C-term(E)@117,0N,Non-tryptic(A)@118
N-term(A)@118,0N,Non-tryptic(A)@118
C-term(A)@118,0N,Non-tryptic(A)@119
N-term(A)@119,0N,Non-tryptic(A)@119
C-term(A)@119,0N,Non-tryptic(G)@120
N-term(G)@120,0N,Non-tryptic(G)@120
C-term(G)@120,0N,Non-tryptic(H)@121
N-term(H)@121,0N,Non-tryptic(H)@121
C-term(H)@121,0N,Non-tryptic(V)@122
N-term(V)@122,0N,Non-tryptic(V)@122
C-term(V)@122,0N,Non-tryptic(T)@123
N-term(T)@123,0N,Non-tryptic(T)@123
C-term(T)@123,0N,Non-tryptic(Q)@124
N-term(Q)@124,0N,Non-tryptic(Q)@124
C-term(Q)@124,0N,Non-tryptic(A)@125
N-term(A)@125,0N,Non-tryptic(A)@125
C-term(A)@125,0N,Non-tryptic(R)@126
N-term(R)@126,0N,Non-tryptic(R)@126
C-term(R)@126,0N,Non-tryptic(M)@127
N-term(M)@127,0N,Non-tryptic(M)@127
C-term(M)@127,0N,Non-tryptic(V)@128
N-term(V)@128,0N,Non-tryptic(V)@128
C-term(V)@128,0N,Non-tryptic(S)@129
N-term(S)@129,0N,Non-tryptic(S)@129
C-term(S)@129,0N,Non-tryptic(K)@130
N-term(K)@130,0N,Non-tryptic(K)@130
C-term(K)@130,0N,Non-tryptic(S)@131
N-term(S)@131,0N,Non-tryptic(S)@131
C-term(S)@131,0N,Non-tryptic(K)@132
N-term(K)@132,0N,Non-tryptic(K)@132
N-term(D)@25,1N,Non-tryptic(D)@25
C-term(D)@25,1N,Non-tryptic(Q)@26
N-term(Q)@26,1N,Non-tryptic(Q)@26
C-term(Q)@26,1N,Non-tryptic(G)@27
N-term(G)@27,1N,Non-tryptic(G)@27
C-term(G)@27,1N,Non-tryptic(G)@28
N-term(G)@28,1N,Non-tryptic(G)@28
C-term(G)@28,1N,Non-tryptic(Y)@29
N-term(Y)@29,1N,Non-tryptic(Y)@29
C-term(Y)@29,1N,Non-tryptic(T)@30
N-term(T)@30,1N,Non-tryptic(T)@30
C-term(T)@30,1N,Non-tryptic(M)@31
N-term(M)@31,1N,Non-tryptic(M)@31
C-term(M)@31,1N,Non-tryptic(H)@32
N-term(H)@32,1N,Non-tryptic(H)@32
C-term(H)@32,1N,Non-tryptic(Q)@33
N-term(Q)@33,1N,Non-tryptic(Q)@33
C-term(Q)@33,1N,Non-tryptic(D)@34
N-term(D)@34,1N,Non-tryptic(D)@34
C-term(D)@34,1N,Non-tryptic(Q)@35
N-term(Q)@35,1N,Non-tryptic(Q)@35
C-term(Q)@35,1N,Non-tryptic(E)@36
N-term(E)@36,1N,Non-tryptic(E)@36
C-term(E)@36,1N,Non-tryptic(G)@37
N-term(G)@37,1N,Non-tryptic(G)@37
C-term(G)@37,1N,Non-tryptic(D)@38
N-term(D)@38,1N,Non-tryptic(D)@38
C-term(D)@38,1N,Non-tryptic(T)@39
N-term(T)@39,1N,Non-tryptic(T)@39
C-term(T)@39,1N,Non-tryptic(D)@40
N-term(D)@40,1N,Non-tryptic(D)@40
C-term(D)@40,1N,Non-tryptic(A)@41
N-term(A)@41,1N,Non-tryptic(A)@41
C-term(A)@41,1N,Non-tryptic(G)@42
N-term(G)@42,1N,Non-tryptic(G)@42
C-term(G)@42,1N,Non-tryptic(L)@43
N-term(L)@43,1N,Non-tryptic(L)@43
C-term(L)@43,1N,Non-tryptic(K)@44
N-term(K)@44,1N,Non-tryptic(K)@44
C-term(K)@44,1N,Non-tryptic(E)@45
N-term(E)@45,1N,Non-tryptic(E)@45
C-term(E)@45,1N,Non-tryptic(S)@46
N-term(S)@46,1N,Non-tryptic(S)@46
C-term(S)@46,1N,Non-tryptic(P)@47
N-term(P)@47,1N,Non-tryptic(P)@47
C-term(P)@47,1N,Non-tryptic(L)@48
N-term(L)@48,1N,Non-tryptic(L)@48
C-term(L)@48,1N,Non-tryptic(Q)@49
N-term(Q)@49,1N,Non-tryptic(Q)@49
C-term(Q)@49,1N,Non-tryptic(T)@50
N-term(T)@50,1N,Non-tryptic(T)@50
C-term(T)@50,1N,Non-tryptic(P)@51
N-term(P)@51,1N,Non-tryptic(P)@51
C-term(P)@51,1N,Non-tryptic(T)@52
N-term(T)@52,1N,Non-tryptic(T)@52
C-term(T)@52,1N,Non-tryptic(E)@53
N-term(E)@53,1N,Non-tryptic(E)@53
C-term(E)@53,1N,Non-tryptic(D)@54
N-term(D)@54,1N,Non-tryptic(D)@54
C-term(D)@54,1N,Non-tryptic(G)@55
N-term(G)@55,1N,Non-tryptic(G)@55
C-term(G)@55,1N,Non-tryptic(S)@56
N-term(S)@56,1N,Non-tryptic(S)@56
C-term(S)@56,1N,Non-tryptic(E)@57
N-term(E)@57,1N,Non-tryptic(E)@57
C-term(E)@57,1N,Non-tryptic(E)@58
N-term(E)@58,1N,Non-tryptic(E)@58
C-term(E)@58,1N,Non-tryptic(P)@59
N-term(P)@59,1N,Non-tryptic(P)@59
C-term(P)@59,1N,Non-tryptic(G)@60
N-term(G)@60,1N,Non-tryptic(G)@60
C-term(G)@60,1N,Non-tryptic(S)@61
N-term(S)@61,1N,Non-tryptic(S)@61
C-term(S)@61,1N,Non-tryptic(E)@62
N-term(E)@62,1N,Non-tryptic(E)@62
C-term(E)@62,1N,Non-tryptic(T)@63
N-term(T)@63,1N,Non-tryptic(T)@63
C-term(T)@63,1N,Non-tryptic(S)@64
N-term(S)@64,1N,Non-tryptic(S)@64
C-term(S)@64,1N,Non-tryptic(D)@65
N-term(D)@65,1N,Non-tryptic(D)@65
C-term(D)@65,1N,Non-tryptic(A)@66
N-term(A)@66,1N,Non-tryptic(A)@66
C-term(A)@66,1N,Non-tryptic(K)@67
N-term(K)@67,1N,Non-tryptic(K)@67
C-term(K)@67,1N,Non-tryptic(S)@68
N-term(S)@68,1N,Non-tryptic(S)@68
C-term(S)@68,1N,Non-tryptic(T)@69
N-term(T)@69,1N,Non-tryptic(T)@69
C-term(T)@69,1N,Non-tryptic(P)@70
N-term(P)@70,1N,Non-tryptic(P)@70
C-term(P)@70,1N,Non-tryptic(T)@71
N-term(T)@71,1N,Non-tryptic(T)@71
C-term(T)@71,1N,Non-tryptic(A)@72
N-term(A)@72,1N,Non-tryptic(A)@72
C-term(A)@72,1N,Non-tryptic(E)@73
N-term(E)@73,1N,Non-tryptic(E)@73
C-term(E)@73,1N,Non-tryptic(A)@74
N-term(A)@74,1N,Non-tryptic(A)@74
C-term(A)@74,1N,Non-tryptic(E)@75
N-term(E)@104,1N,Non-tryptic(E)@104
C-term(E)@104,1N,Non-tryptic(E)@105
N-term(E)@105,1N,Non-tryptic(E)@105
C-term(E)@105,1N,Non-tryptic(A)@106
N-term(A)@106,1N,Non-tryptic(A)@106
C-term(A)@106,1N,Non-tryptic(G)@107
N-term(G)@107,1N,Non-tryptic(G)@107
C-term(G)@107,1N,Non-tryptic(I)@108
N-term(I)@108,1N,Non-tryptic(I)@108
C-term(I)@108,1N,Non-tryptic(G)@109
N-term(G)@109,1N,Non-tryptic(G)@109
C-term(G)@109,1N,Non-tryptic(D)@110
N-term(D)@110,1N,Non-tryptic(D)@110
C-term(D)@110,1N,Non-tryptic(T)@111
N-term(T)@111,1N,Non-tryptic(T)@111
C-term(T)@111,1N,Non-tryptic(P)@112
N-term(P)@112,1N,Non-tryptic(P)@112
C-term(P)@112,1N,Non-tryptic(S)@113
N-term(S)@113,1N,Non-tryptic(S)@113
C-term(S)@113,1N,Non-tryptic(L)@114
N-term(L)@114,1N,Non-tryptic(L)@114
C-term(L)@114,1N,Non-tryptic(E)@115
N-term(E)@115,1N,Non-tryptic(E)@115
C-term(E)@115,1N,Non-tryptic(D)@116
N-term(D)@116,1N,Non-tryptic(D)@116
C-term(D)@116,1N,Non-tryptic(E)@117
N-term(E)@117,1N,Non-tryptic(E)@117
C-term(E)@117,1N,Non-tryptic(A)@118
N-term(A)@118,1N,Non-tryptic(A)@118
C-term(A)@118,1N,Non-tryptic(A)@119
N-term(A)@119,1N,Non-tryptic(A)@119
C-term(A)@119,1N,Non-tryptic(G)@120
N-term(G)@120,1N,Non-tryptic(G)@120
C-term(G)@120,1N,Non-tryptic(H)@121
N-term(H)@121,1N,Non-tryptic(H)@121
C-term(H)@121,1N,Non-tryptic(V)@122
N-term(V)@122,1N,Non-tryptic(V)@122
C-term(V)@122,1N,Non-tryptic(T)@123
N-term(T)@123,1N,Non-tryptic(T)@123
C-term(T)@123,1N,Non-tryptic(Q)@124
N-term(Q)@124,1N,Non-tryptic(Q)@124
C-term(Q)@124,1N,Non-tryptic(A)@125
N-term(A)@125,1N,Non-tryptic(A)@125
C-term(A)@125,1N,Non-tryptic(R)@126
N-term(R)@126,1N,Non-tryptic(R)@126
C-term(R)@126,1N,Non-tryptic(M)@127
N-term(M)@127,1N,Non-tryptic(M)@127
C-term(M)@127,1N,Non-tryptic(V)@128
N-term(V)@128,1N,Non-tryptic(V)@128
C-term(V)@128,1N,Non-tryptic(S)@129
N-term(S)@129,1N,Non-tryptic(S)@129
C-term(S)@129,1N,Non-tryptic(K)@130
N-term(K)@130,1N,Non-tryptic(K)@130
C-term(K)@130,1N,Non-tryptic(S)@131
N-term(S)@131,1N,Non-tryptic(S)@131
C-term(S)@131,1N,Non-tryptic(K)@132
N-term(K)@132,1N,Non-tryptic(K)@132
N-term(N)@255,3R,Non-tryptic(N)@255
C-term(N)@255,3R,Non-tryptic(V)@256
N-term(V)@256,3R,Non-tryptic(V)@256
C-term(V)@256,3R,Non-tryptic(K)@257
N-term(K)@257,3R,Non-tryptic(K)@257
C-term(K)@257,3R,Non-tryptic(S)@258
N-term(S)@258,3R,Non-tryptic(S)@258
C-term(S)@258,3R,Non-tryptic(K)@259
N-term(K)@259,3R,Non-tryptic(K)@259
C-term(K)@259,3R,Non-tryptic(I)@260
N-term(I)@260,3R,Non-tryptic(I)@260
C-term(I)@260,3R,Non-tryptic(G)@261
N-term(G)@261,3R,Non-tryptic(G)@261
C-term(G)@261,3R,Non-tryptic(S)@262
N-term(S)@262,3R,Non-tryptic(S)@262
C-term(S)@262,3R,Non-tryptic(T)@263
N-term(T)@263,3R,Non-tryptic(T)@263
C-term(T)@263,3R,Non-tryptic(E)@264
N-term(E)@264,3R,Non-tryptic(E)@264
C-term(E)@264,3R,Non-tryptic(N)@265
N-term(N)@265,3R,Non-tryptic(N)@265
C-term(N)@265,3R,Non-tryptic(L)@266
N-term(L)@266,3R,Non-tryptic(L)@266
C-term(L)@266,3R,Non-tryptic(K)@267
N-term(K)@267,3R,Non-tryptic(K)@267
C-term(K)@267,3R,Non-tryptic(H)@268
N-term(H)@268,3R,Non-tryptic(H)@268
C-term(H)@268,3R,Non-tryptic(Q)@269
N-term(Q)@269,3R,Non-tryptic(Q)@269
C-term(Q)@269,3R,Non-tryptic(P)@270
N-term(P)@270,3R,Non-tryptic(P)@270
C-term(P)@270,3R,Non-tryptic(G)@271
N-term(G)@271,3R,Non-tryptic(G)@271
C-term(G)@271,3R,Non-tryptic(G)@272
N-term(G)@272,3R,Non-tryptic(G)@272
C-term(G)@272,3R,Non-tryptic(G)@273
N-term(G)@273,3R,Non-tryptic(G)@273
C-term(G)@273,3R,Non-tryptic(K)@274
N-term(K)@274,3R,Non-tryptic(K)@274
C-term(K)@274,3R,Non-tryptic(V)@275
N-term(V)@275,3R,Non-tryptic(V)@275
C-term(V)@275,3R,Non-tryptic(Q)@276
N-term(Q)@307,3R,Non-tryptic(Q)@307
C-term(Q)@307,3R,Non-tryptic(I)@308
N-term(I)@308,3R,Non-tryptic(I)@308
C-term(I)@308,3R,Non-tryptic(V)@309
N-term(V)@309,3R,Non-tryptic(V)@309
C-term(V)@309,3R,Non-tryptic(Y)@310
N-term(Y)@310,3R,Non-tryptic(Y)@310
C-term(Y)@310,3R,Non-tryptic(K)@311
N-term(K)@311,3R,Non-tryptic(K)@311
C-term(K)@311,3R,Non-tryptic(P)@312
N-term(P)@312,3R,Non-tryptic(P)@312
C-term(P)@312,3R,Non-tryptic(V)@313
N-term(V)@313,3R,Non-tryptic(V)@313
C-term(V)@313,3R,Non-tryptic(D)@314
N-term(D)@314,3R,Non-tryptic(D)@314
C-term(D)@314,3R,Non-tryptic(L)@315
N-term(L)@315,3R,Non-tryptic(L)@315
C-term(L)@315,3R,Non-tryptic(S)@316
N-term(S)@316,3R,Non-tryptic(S)@316
C-term(S)@316,3R,Non-tryptic(K)@317
N-term(K)@317,3R,Non-tryptic(K)@317
C-term(K)@317,3R,Non-tryptic(V)@318
N-term(V)@318,3R,Non-tryptic(V)@318
C-term(V)@318,3R,Non-tryptic(T)@319
N-term(T)@319,3R,Non-tryptic(T)@319
C-term(T)@319,3R,Non-tryptic(S)@320
N-term(S)@320,3R,Non-tryptic(S)@320
C-term(S)@320,3R,Non-tryptic(K)@321
N-term(K)@321,3R,Non-tryptic(K)@321
